wsj_0938_18_0|0
wsj_0938_18_1|0
wsj_0938_18_2|0
wsj_0938_18_3|0
wsj_0938_18_4|0
wsj_0938_18_5|0
wsj_0938_18_6|0
wsj_0938_18_7|0
wsj_0938_18_8|0
wsj_0938_18_9|0
wsj_0938_18_10|0
wsj_0938_18_11|0
wsj_0938_18_12|0
wsj_0938_18_13|0
wsj_0938_18_14|0
wsj_0938_18_15|0
wsj_0938_18_16|0
wsj_0938_18_17|0
wsj_0938_18_18|0
wsj_0938_18_19|0
wsj_0938_18_20|0
wsj_0938_18_21|0
wsj_0938_18_22|0
wsj_0938_18_23|0
wsj_0938_18_24|0
wsj_0938_18_25|0
wsj_0938_18_26|0
wsj_0938_18_27|0
wsj_0938_18_28|0
wsj_0938_18_29|0
wsj_0938_18_30|0
wsj_0938_18_31|0
wsj_0938_18_32|0
wsj_0938_18_33|0
wsj_0938_18_34|0
wsj_0938_18_35|0
wsj_0938_18_36|0
wsj_0938_18_37|0
wsj_0938_18_38|0
wsj_0938_18_39|0
wsj_0938_18_40|0
wsj_0938_19_0|0
wsj_0938_19_1|0
wsj_0938_19_2|0
wsj_0938_19_3|0
wsj_0938_19_4|0
wsj_0938_19_5|0
wsj_0938_19_6|0
wsj_0938_19_7|0
wsj_0938_19_8|0
wsj_0938_12_0|0
wsj_0938_12_1|0
wsj_0938_12_2|0
wsj_0938_12_3|0
wsj_0938_12_4|0
wsj_0938_12_5|0
wsj_0938_12_6|0
wsj_0938_12_7|0
wsj_0938_12_8|0
wsj_0938_12_9|0
wsj_0938_12_10|0
wsj_0938_12_11|0
wsj_0938_12_12|0
wsj_0938_12_13|0
wsj_0938_12_14|0
wsj_0938_12_15|0
wsj_0938_12_16|0
wsj_0938_12_17|0
wsj_0938_12_18|0
wsj_0938_12_19|0
wsj_0938_12_20|0
wsj_0938_12_21|0
wsj_0938_12_22|0
wsj_0938_12_23|0
wsj_0938_12_24|0
wsj_0938_12_25|0
wsj_0938_12_26|0
wsj_0938_13_0|0
wsj_0938_13_1|0
wsj_0938_13_2|0
wsj_0938_13_3|0
wsj_0938_13_4|0
wsj_0938_13_5|0
wsj_0938_13_6|0
wsj_0938_13_7|0
wsj_0938_13_8|0
wsj_0938_13_9|0
wsj_0938_13_10|0
wsj_0938_13_11|0
wsj_0938_13_12|0
wsj_0938_13_13|0
wsj_0938_13_14|0
wsj_0938_13_15|0
wsj_0938_13_16|0
wsj_0938_13_17|0
wsj_0938_13_18|0
wsj_0938_13_19|0
wsj_0938_13_20|0
wsj_0938_13_21|0
wsj_0938_13_22|0
wsj_0938_13_23|0
wsj_0938_13_24|0
wsj_0938_13_25|0
wsj_0938_13_26|0
wsj_0938_13_27|0
wsj_0938_13_28|0
wsj_0938_13_29|0
wsj_0938_13_30|0
wsj_0938_13_31|0
wsj_0938_13_32|0
wsj_0938_13_33|0
wsj_0938_13_34|0
wsj_0938_13_35|0
wsj_0938_10_0|0
wsj_0938_10_1|0
wsj_0938_10_2|0
wsj_0938_10_3|0
wsj_0938_10_4|0
wsj_0938_10_5|0
wsj_0938_10_6|0
wsj_0938_10_7|0
wsj_0938_10_8|0
wsj_0938_10_9|0
wsj_0938_10_10|0
wsj_0938_10_11|0
wsj_0938_10_12|0
wsj_0938_10_13|0
wsj_0938_10_14|0
wsj_0938_10_15|0
wsj_0938_10_16|0
wsj_0938_10_17|0
wsj_0938_10_18|0
wsj_0938_10_19|0
wsj_0938_10_20|0
wsj_0938_10_21|0
wsj_0938_10_22|0
wsj_0938_10_23|0
wsj_0938_10_24|0
wsj_0938_10_25|0
wsj_0938_10_26|0
wsj_0938_10_27|0
wsj_0938_10_28|0
wsj_0938_10_29|0
wsj_0938_10_30|0
wsj_0938_10_31|0
wsj_0938_10_32|0
wsj_0938_10_33|0
wsj_0938_10_34|0
wsj_0938_10_35|0
wsj_0938_10_36|0
wsj_0938_10_37|0
wsj_0938_10_38|0
wsj_0938_10_39|0
wsj_0938_11_0|0
wsj_0938_11_1|0
wsj_0938_11_2|0
wsj_0938_11_3|0
wsj_0938_11_4|0
wsj_0938_11_5|0
wsj_0938_11_6|0
wsj_0938_11_7|0
wsj_0938_11_8|0
wsj_0938_11_9|0
wsj_0938_11_10|0
wsj_0938_11_11|0
wsj_0938_11_12|0
wsj_0938_11_13|0
wsj_0938_11_14|0
wsj_0938_11_15|0
wsj_0938_11_16|0
wsj_0938_11_17|0
wsj_0938_11_18|0
wsj_0938_11_19|0
wsj_0938_11_20|0
wsj_0938_11_21|0
wsj_0938_11_22|0
wsj_0938_11_23|0
wsj_0938_11_24|0
wsj_0938_11_25|0
wsj_0938_11_26|0
wsj_0938_16_0|0
wsj_0938_16_1|0
wsj_0938_16_2|0
wsj_0938_16_3|0
wsj_0938_16_4|0
wsj_0938_16_5|0
wsj_0938_16_6|0
wsj_0938_16_7|0
wsj_0938_16_8|0
wsj_0938_16_9|0
wsj_0938_16_10|0
wsj_0938_16_11|0
wsj_0938_16_12|0
wsj_0938_16_13|0
wsj_0938_16_14|0
wsj_0938_16_15|0
wsj_0938_16_16|0
wsj_0938_16_17|0
wsj_0938_16_18|0
wsj_0938_16_19|0
wsj_0938_16_20|0
wsj_0938_16_21|0
wsj_0938_16_22|0
wsj_0938_16_23|0
wsj_0938_16_24|0
wsj_0938_16_25|0
wsj_0938_16_26|0
wsj_0938_16_27|0
wsj_0938_16_28|0
wsj_0938_17_0|0
wsj_0938_17_1|0
wsj_0938_17_2|0
wsj_0938_17_3|0
wsj_0938_17_4|0
wsj_0938_17_5|0
wsj_0938_17_6|0
wsj_0938_17_7|0
wsj_0938_17_8|0
wsj_0938_17_9|0
wsj_0938_17_10|0
wsj_0938_17_11|0
wsj_0938_17_12|0
wsj_0938_17_13|0
wsj_0938_17_14|0
wsj_0938_17_15|0
wsj_0938_17_16|0
wsj_0938_17_17|0
wsj_0938_17_18|0
wsj_0938_17_19|0
wsj_0938_17_20|0
wsj_0938_17_21|0
wsj_0938_17_22|0
wsj_0938_17_23|0
wsj_0938_17_24|0
wsj_0938_17_25|0
wsj_0938_17_26|0
wsj_0938_17_27|0
wsj_0938_17_28|0
wsj_0938_17_29|0
wsj_0938_17_30|0
wsj_0938_17_31|0
wsj_0938_17_32|0
wsj_0938_17_33|0
wsj_0938_17_34|0
wsj_0938_17_35|0
wsj_0938_17_36|0
wsj_0938_17_37|0
wsj_0938_17_38|0
wsj_0938_17_39|0
wsj_0938_17_40|0
wsj_0938_17_41|0
wsj_0938_17_42|0
wsj_0938_17_43|0
wsj_0938_14_0|0
wsj_0938_14_1|0
wsj_0938_14_2|0
wsj_0938_14_3|0
wsj_0938_14_4|0
wsj_0938_14_5|0
wsj_0938_14_6|0
wsj_0938_14_7|0
wsj_0938_14_8|0
wsj_0938_15_0|0
wsj_0938_15_1|0
wsj_0938_15_2|0
wsj_0938_15_3|0
wsj_0938_15_4|0
wsj_0938_15_5|0
wsj_0938_15_6|0
wsj_0938_15_7|0
wsj_0938_15_8|0
wsj_0938_15_9|0
wsj_0938_15_10|0
wsj_0938_15_11|0
wsj_0938_15_12|0
wsj_0938_15_13|0
wsj_0938_15_14|0
wsj_0938_15_15|0
wsj_0938_15_16|0
wsj_0938_15_17|0
wsj_0938_15_18|0
wsj_0938_15_19|0
wsj_0938_15_20|0
wsj_0938_15_21|0
wsj_0938_15_22|0
wsj_0938_15_23|0
wsj_0938_15_24|0
wsj_0938_15_25|0
wsj_0938_15_26|0
wsj_0938_15_27|0
wsj_0938_15_28|0
wsj_0938_15_29|0
wsj_0938_15_30|0
wsj_0938_15_31|0
wsj_0938_15_32|0
wsj_0938_15_33|0
wsj_0938_15_34|0
wsj_0938_15_35|0
wsj_0938_15_36|0
wsj_0938_15_37|0
wsj_0938_15_38|0
wsj_0938_15_39|0
wsj_0938_15_40|0
wsj_0938_15_41|0
wsj_0938_15_42|0
wsj_0938_15_43|0
wsj_0938_15_44|0
wsj_0938_15_45|0
wsj_0938_15_46|0
wsj_0938_15_47|0
wsj_0938_15_48|0
wsj_0938_15_49|0
wsj_0938_15_50|0
wsj_0938_15_51|0
wsj_0938_15_52|0
wsj_0938_15_53|0
wsj_0938_15_54|0
wsj_0938_15_55|0
ABC19980108.1830.0711_20_0|0
ABC19980108.1830.0711_20_1|4
ABC19980108.1830.0711_20_2|0
ABC19980108.1830.0711_20_3|0
ABC19980108.1830.0711_20_4|0
ABC19980108.1830.0711_20_5|0
ABC19980108.1830.0711_21_0|0
ABC19980108.1830.0711_21_1|0
ABC19980108.1830.0711_21_2|0
ABC19980108.1830.0711_21_3|0
ABC19980108.1830.0711_21_4|0
ABC19980108.1830.0711_21_5|0
ABC19980108.1830.0711_21_6|0
ABC19980108.1830.0711_21_7|0
ABC19980108.1830.0711_21_8|0
ABC19980108.1830.0711_21_9|1
ABC19980108.1830.0711_21_10|0
ABC19980108.1830.0711_21_11|0
ABC19980108.1830.0711_21_12|0
ABC19980108.1830.0711_21_13|0
ABC19980108.1830.0711_22_0|0
ABC19980108.1830.0711_22_1|0
ABC19980108.1830.0711_22_2|0
ABC19980108.1830.0711_22_3|0
ABC19980108.1830.0711_22_4|0
ABC19980108.1830.0711_22_5|0
ABC19980108.1830.0711_22_6|0
ABC19980108.1830.0711_22_7|0
ABC19980108.1830.0711_22_8|1
ABC19980108.1830.0711_22_9|3
ABC19980108.1830.0711_22_10|0
ABC19980108.1830.0711_22_11|0
ABC19980108.1830.0711_22_12|0
ABC19980108.1830.0711_22_13|1
ABC19980108.1830.0711_22_14|3
ABC19980108.1830.0711_22_15|0
ABC19980108.1830.0711_22_16|0
ABC19980108.1830.0711_22_17|0
ABC19980108.1830.0711_22_18|0
ABC19980108.1830.0711_22_19|0
ABC19980108.1830.0711_22_20|0
ABC19980108.1830.0711_22_21|0
ABC19980108.1830.0711_22_22|0
ABC19980108.1830.0711_22_23|0
ABC19980108.1830.0711_22_24|0
ABC19980108.1830.0711_22_25|0
ABC19980108.1830.0711_22_26|4
ABC19980108.1830.0711_22_27|0
ABC19980108.1830.0711_22_28|0
ABC19980108.1830.0711_23_0|0
ABC19980108.1830.0711_23_1|1
ABC19980108.1830.0711_23_2|0
ABC19980108.1830.0711_23_3|0
ABC19980108.1830.0711_23_4|0
ABC19980108.1830.0711_23_5|0
ABC19980108.1830.0711_23_6|0
ABC19980108.1830.0711_24_0|0
ABC19980108.1830.0711_24_1|0
ABC19980108.1830.0711_24_2|0
ABC19980108.1830.0711_24_3|0
ABC19980108.1830.0711_24_4|0
ABC19980108.1830.0711_24_5|0
ABC19980108.1830.0711_24_6|0
ABC19980108.1830.0711_24_7|0
ABC19980108.1830.0711_24_8|0
ABC19980108.1830.0711_24_9|0
ABC19980108.1830.0711_24_10|0
ABC19980108.1830.0711_25_0|0
ABC19980108.1830.0711_25_1|0
ABC19980108.1830.0711_25_2|0
ABC19980108.1830.0711_25_3|0
ABC19980108.1830.0711_25_4|0
ABC19980108.1830.0711_25_5|0
ABC19980108.1830.0711_25_6|0
ABC19980108.1830.0711_25_7|0
ABC19980108.1830.0711_25_8|0
ABC19980108.1830.0711_26_0|0
ABC19980108.1830.0711_26_1|0
ABC19980108.1830.0711_26_2|0
ABC19980108.1830.0711_26_3|0
ABC19980108.1830.0711_26_4|0
ABC19980108.1830.0711_26_5|0
ABC19980108.1830.0711_26_6|0
ABC19980108.1830.0711_26_7|0
ABC19980108.1830.0711_26_8|0
ABC19980108.1830.0711_26_9|0
ABC19980108.1830.0711_27_0|0
ABC19980108.1830.0711_27_1|0
ABC19980108.1830.0711_27_2|0
ABC19980108.1830.0711_27_3|0
ABC19980108.1830.0711_27_4|0
ABC19980108.1830.0711_27_5|0
ABC19980108.1830.0711_27_6|0
ABC19980108.1830.0711_28_0|0
ABC19980108.1830.0711_28_1|0
ABC19980108.1830.0711_28_2|0
ABC19980108.1830.0711_28_3|0
ABC19980108.1830.0711_28_4|0
ABC19980108.1830.0711_28_5|0
ABC19980108.1830.0711_28_6|0
ABC19980108.1830.0711_28_7|0
ABC19980108.1830.0711_28_8|0
ABC19980108.1830.0711_28_9|0
ABC19980108.1830.0711_28_10|0
ABC19980108.1830.0711_28_11|0
ABC19980108.1830.0711_28_12|0
ABC19980108.1830.0711_28_13|0
ABC19980108.1830.0711_28_14|0
ABC19980108.1830.0711_28_15|1
ABC19980108.1830.0711_28_16|0
ABC19980108.1830.0711_28_17|0
ABC19980108.1830.0711_28_18|0
ABC19980108.1830.0711_29_0|0
ABC19980108.1830.0711_29_1|2
ABC19980108.1830.0711_29_2|0
ABC19980108.1830.0711_29_3|0
ABC19980108.1830.0711_29_4|0
ABC19980108.1830.0711_29_5|0
ABC19980108.1830.0711_29_6|0
ABC19980108.1830.0711_29_7|0
ABC19980108.1830.0711_29_8|0
ABC19980108.1830.0711_29_9|0
ABC19980108.1830.0711_29_10|0
ABC19980108.1830.0711_29_11|2
ABC19980108.1830.0711_29_12|0
ABC19980108.1830.0711_29_13|0
ABC19980108.1830.0711_29_14|0
ABC19980108.1830.0711_29_15|0
ABC19980108.1830.0711_29_16|0
ABC19980108.1830.0711_29_17|1
ABC19980108.1830.0711_29_18|0
ABC19980108.1830.0711_29_19|0
ABC19980108.1830.0711_29_20|0
ABC19980108.1830.0711_29_21|0
ABC19980108.1830.0711_29_22|0
ABC19980108.1830.0711_29_23|0
wsj_0575_35_0|0
wsj_0575_35_1|0
wsj_0575_35_2|0
wsj_0575_35_3|0
wsj_0575_35_4|0
wsj_0575_35_5|0
wsj_0575_35_6|0
wsj_0575_35_7|0
wsj_0575_35_8|0
wsj_0575_35_9|0
wsj_0575_35_10|0
wsj_0575_35_11|0
wsj_0575_35_12|0
wsj_0575_35_13|0
wsj_0575_35_14|0
wsj_0575_35_15|0
wsj_0575_35_16|0
wsj_0575_35_17|0
wsj_0575_35_18|0
wsj_0575_34_0|0
wsj_0575_34_1|0
wsj_0575_34_2|0
wsj_0575_34_3|0
wsj_0575_34_4|0
wsj_0575_34_5|0
wsj_0575_34_6|0
wsj_0575_33_0|0
wsj_0575_33_1|0
wsj_0575_33_2|0
wsj_0575_33_3|0
wsj_0575_33_4|0
wsj_0575_33_5|0
wsj_0575_33_6|0
wsj_0575_33_7|0
wsj_0575_33_8|0
wsj_0575_33_9|0
wsj_0575_33_10|0
wsj_0575_33_11|0
wsj_0575_33_12|0
wsj_0575_33_13|0
wsj_0575_33_14|0
wsj_0575_33_15|0
wsj_0575_33_16|0
wsj_0575_33_17|0
wsj_0575_33_18|0
wsj_0575_33_19|0
wsj_0575_33_20|0
wsj_0575_33_21|0
wsj_0575_32_0|0
wsj_0575_32_1|0
wsj_0575_32_2|0
wsj_0575_32_3|0
wsj_0575_32_4|0
wsj_0575_32_5|0
wsj_0575_32_6|0
wsj_0575_32_7|0
wsj_0575_31_0|0
wsj_0575_31_1|0
wsj_0575_31_2|0
wsj_0575_31_3|0
wsj_0575_31_4|0
wsj_0575_31_5|0
wsj_0575_31_6|0
wsj_0575_31_7|0
wsj_0575_31_8|0
wsj_0575_31_9|0
wsj_0575_31_10|0
wsj_0575_31_11|0
wsj_0575_31_12|0
wsj_0575_31_13|0
wsj_0575_31_14|0
wsj_0575_31_15|0
wsj_0575_31_16|0
wsj_0575_31_17|0
wsj_0575_31_18|0
wsj_0575_31_19|0
wsj_0575_31_20|0
wsj_0575_30_0|0
wsj_0575_30_1|0
wsj_0575_30_2|0
wsj_0575_30_3|0
wsj_0575_30_4|0
wsj_0575_30_5|0
wsj_0575_30_6|0
wsj_0575_30_7|0
wsj_0575_30_8|0
wsj_0575_30_9|0
wsj_0575_30_10|0
wsj_0575_30_11|0
wsj_0575_30_12|0
wsj_0575_30_13|0
wsj_0575_30_14|0
wsj_0575_30_15|0
wsj_0575_30_16|0
wsj_0575_30_17|0
WSJ910225-0066_54_0|0
WSJ910225-0066_54_1|0
WSJ910225-0066_54_2|0
WSJ910225-0066_54_3|0
WSJ910225-0066_54_4|0
WSJ910225-0066_54_5|0
WSJ910225-0066_54_6|0
WSJ910225-0066_54_7|0
WSJ910225-0066_54_8|0
WSJ910225-0066_54_9|0
WSJ910225-0066_54_10|0
WSJ910225-0066_54_11|0
WSJ910225-0066_54_12|0
WSJ910225-0066_54_13|0
WSJ910225-0066_54_14|0
WSJ910225-0066_54_15|0
WSJ910225-0066_54_16|0
WSJ910225-0066_54_17|0
WSJ910225-0066_54_18|0
WSJ910225-0066_54_19|0
WSJ910225-0066_54_20|0
WSJ910225-0066_54_21|0
WSJ910225-0066_54_22|0
WSJ910225-0066_54_23|0
WSJ910225-0066_54_24|0
WSJ910225-0066_54_25|0
WSJ910225-0066_54_26|0
WSJ910225-0066_54_27|0
APW19980227.0468_3_0|0
APW19980227.0468_3_1|0
APW19980227.0468_3_2|0
APW19980227.0468_3_3|0
APW19980227.0468_3_4|0
APW19980227.0468_3_5|0
APW19980227.0468_3_6|0
APW19980227.0468_3_7|0
APW19980227.0468_3_8|0
APW19980227.0468_3_9|0
APW19980227.0468_3_10|0
APW19980227.0468_3_11|0
APW19980227.0468_3_12|0
APW19980227.0468_3_13|0
APW19980227.0468_3_14|0
APW19980227.0468_3_15|0
APW19980227.0468_3_16|0
APW19980227.0468_3_17|0
APW19980227.0468_3_18|0
APW19980227.0468_3_19|0
APW19980227.0468_3_20|0
APW19980227.0468_3_21|0
APW19980227.0468_3_22|0
APW19980227.0468_3_23|0
APW19980227.0468_3_24|0
APW19980227.0468_3_25|0
APW19980227.0468_2_0|0
APW19980227.0468_2_1|0
APW19980227.0468_2_2|0
APW19980227.0468_2_3|0
APW19980227.0468_2_4|0
APW19980227.0468_2_5|0
APW19980227.0468_2_6|0
APW19980227.0468_2_7|0
APW19980227.0468_2_8|0
APW19980227.0468_2_9|0
APW19980227.0468_2_10|0
APW19980227.0468_2_11|0
APW19980227.0468_2_12|0
APW19980227.0468_2_13|0
APW19980227.0468_2_14|0
APW19980227.0468_2_15|0
APW19980227.0468_2_16|0
APW19980227.0468_2_17|0
APW19980227.0468_2_18|0
APW19980227.0468_2_19|0
APW19980227.0468_2_20|0
APW19980227.0468_2_21|0
APW19980227.0468_2_22|0
APW19980227.0468_2_23|0
APW19980227.0468_2_24|0
APW19980227.0468_2_25|0
APW19980227.0468_2_26|0
APW19980227.0468_2_27|0
APW19980227.0468_2_28|0
APW19980227.0468_2_29|0
APW19980227.0468_2_30|0
APW19980227.0468_2_31|0
APW19980227.0468_2_32|0
APW19980227.0468_2_33|0
APW19980227.0468_1_0|0
APW19980227.0468_1_1|0
APW19980227.0468_1_2|0
APW19980227.0468_1_3|0
APW19980227.0468_1_4|0
APW19980227.0468_1_5|0
APW19980227.0468_1_6|0
APW19980227.0468_1_7|0
APW19980227.0468_1_8|0
APW19980227.0468_1_9|0
APW19980227.0468_1_10|0
APW19980227.0468_1_11|0
APW19980227.0468_1_12|0
APW19980227.0468_1_13|0
APW19980227.0468_0_0|0
APW19980227.0468_0_1|0
APW19980227.0468_0_2|0
APW19980227.0468_0_3|0
APW19980227.0468_0_4|0
APW19980227.0468_0_5|0
APW19980227.0468_0_6|0
APW19980227.0468_0_7|0
APW19980227.0468_0_8|0
APW19980227.0468_0_9|0
APW19980227.0468_0_10|0
APW19980227.0468_0_11|0
APW19980227.0468_0_12|0
APW19980227.0468_0_13|0
APW19980227.0468_0_14|0
APW19980227.0468_0_15|0
APW19980227.0468_0_16|0
APW19980227.0468_0_17|0
APW19980227.0468_0_18|0
APW19980227.0468_0_19|0
APW19980227.0468_0_20|0
APW19980227.0468_0_21|0
APW19980227.0468_0_22|0
APW19980227.0468_0_23|0
APW19980227.0468_0_24|0
APW19980227.0468_0_25|0
APW19980227.0468_0_26|0
APW19980227.0468_0_27|0
APW19980227.0468_0_28|0
APW19980227.0468_0_29|0
APW19980227.0468_0_30|0
APW19980227.0468_0_31|0
APW19980227.0468_0_32|0
APW19980227.0468_0_33|0
APW19980227.0468_0_34|0
APW19980227.0468_0_35|0
APW19980227.0468_0_36|0
APW19980227.0468_0_37|0
APW19980227.0468_0_38|0
APW19980227.0468_0_39|0
APW19980227.0468_0_40|0
APW19980227.0468_0_41|0
APW19980227.0468_0_42|0
APW19980227.0468_0_43|0
APW19980227.0468_0_44|0
APW19980227.0468_0_45|0
APW19980227.0468_4_0|0
APW19980227.0468_4_1|0
APW19980227.0468_4_2|0
APW19980227.0468_4_3|0
APW19980227.0468_4_4|0
APW19980227.0468_4_5|0
APW19980227.0468_4_6|0
APW19980227.0468_4_7|0
APW19980227.0468_4_8|0
APW19980227.0468_4_9|0
wsj_0568_7_0|0
wsj_0568_7_1|0
wsj_0568_7_2|0
wsj_0568_7_3|0
wsj_0568_7_4|0
wsj_0568_7_5|0
wsj_0568_7_6|0
wsj_0568_7_7|0
wsj_0568_7_8|0
wsj_0568_7_9|0
wsj_0568_7_10|0
wsj_0568_7_11|0
wsj_0568_7_12|0
wsj_0568_7_13|0
wsj_0568_7_14|0
wsj_0568_7_15|0
wsj_0568_7_16|3
wsj_0568_7_17|0
wsj_0568_7_18|0
wsj_0568_7_19|0
wsj_0568_7_20|0
wsj_0568_7_21|0
wsj_0568_7_22|3
wsj_0568_7_23|0
wsj_0568_7_24|0
wsj_0568_6_0|0
wsj_0568_6_1|0
wsj_0568_6_2|0
wsj_0568_6_3|0
wsj_0568_6_4|0
wsj_0568_6_5|0
wsj_0568_6_6|0
wsj_0568_6_7|0
wsj_0568_6_8|0
wsj_0568_6_9|0
wsj_0568_6_10|0
wsj_0568_6_11|0
wsj_0568_6_12|5
wsj_0568_6_13|0
wsj_0568_6_14|0
wsj_0568_6_15|0
wsj_0568_6_16|0
wsj_0568_6_17|0
wsj_0568_6_18|0
wsj_0568_6_19|0
wsj_0568_6_20|0
wsj_0568_6_21|0
wsj_0568_6_22|0
wsj_0568_6_23|0
wsj_0568_6_24|0
wsj_0568_5_0|0
wsj_0568_5_1|0
wsj_0568_5_2|0
wsj_0568_5_3|0
wsj_0568_5_4|4
wsj_0568_5_5|0
wsj_0568_5_6|0
wsj_0568_5_7|0
wsj_0568_5_8|0
wsj_0568_5_9|0
wsj_0568_5_10|0
wsj_0568_5_11|0
wsj_0568_5_12|0
wsj_0568_5_13|0
wsj_0568_5_14|0
wsj_0568_5_15|0
wsj_0568_5_16|0
wsj_0568_5_17|0
wsj_0568_5_18|0
wsj_0568_5_19|0
wsj_0568_5_20|0
wsj_0568_5_21|0
wsj_0568_5_22|0
wsj_0568_5_23|0
wsj_0568_5_24|1
wsj_0568_5_25|0
wsj_0568_5_26|0
wsj_0568_5_27|0
wsj_0568_5_28|0
wsj_0568_5_29|0
wsj_0568_4_0|0
wsj_0568_4_1|0
wsj_0568_4_2|0
wsj_0568_4_3|0
wsj_0568_4_4|0
wsj_0568_4_5|0
wsj_0568_4_6|0
wsj_0568_4_7|0
wsj_0568_4_8|0
wsj_0568_4_9|2
wsj_0568_4_10|0
wsj_0568_4_11|0
wsj_0568_4_12|1
wsj_0568_4_13|0
wsj_0568_4_14|0
wsj_0568_3_0|0
wsj_0568_3_1|1
wsj_0568_3_2|0
wsj_0568_3_3|0
wsj_0568_3_4|4
wsj_0568_3_5|0
wsj_0568_3_6|0
wsj_0568_3_7|0
wsj_0568_3_8|0
wsj_0568_3_9|0
wsj_0568_3_10|0
wsj_0568_3_11|0
wsj_0568_3_12|0
wsj_0568_3_13|0
wsj_0568_3_14|0
wsj_0568_3_15|1
wsj_0568_3_16|0
wsj_0568_3_17|1
wsj_0568_3_18|0
wsj_0568_3_19|0
wsj_0568_3_20|0
wsj_0568_3_21|0
wsj_0568_3_22|0
wsj_0568_2_0|0
wsj_0568_2_1|0
wsj_0568_2_2|0
wsj_0568_2_3|2
wsj_0568_2_4|3
wsj_0568_2_5|0
wsj_0568_1_0|0
wsj_0568_1_1|0
wsj_0568_1_2|1
wsj_0568_1_3|0
wsj_0568_1_4|0
wsj_0568_1_5|0
wsj_0568_1_6|0
wsj_0568_1_7|1
wsj_0568_1_8|0
wsj_0568_1_9|0
wsj_0568_1_10|0
wsj_0568_1_11|0
wsj_0568_1_12|2
wsj_0568_1_13|0
wsj_0568_1_14|1
wsj_0568_1_15|2
wsj_0568_1_16|0
wsj_0568_1_17|0
wsj_0568_1_18|0
wsj_0568_1_19|1
wsj_0568_1_20|0
wsj_0568_1_21|0
wsj_0568_1_22|0
wsj_0568_1_23|3
wsj_0568_1_24|0
wsj_0568_1_25|0
wsj_0568_1_26|0
wsj_0568_1_27|0
wsj_0568_1_28|0
wsj_0568_1_29|1
wsj_0568_1_30|1
wsj_0568_1_31|0
wsj_0568_1_32|0
wsj_0568_1_33|0
wsj_0568_1_34|0
wsj_0568_1_35|0
wsj_0568_1_36|0
wsj_0568_1_37|0
wsj_0568_1_38|0
wsj_0568_0_0|0
wsj_0568_0_1|0
wsj_0568_0_2|0
wsj_0568_0_3|0
wsj_0568_0_4|0
wsj_0568_0_5|0
wsj_0568_0_6|0
wsj_0568_0_7|0
wsj_0568_0_8|0
wsj_0568_0_9|0
wsj_0568_0_10|0
wsj_0568_0_11|0
wsj_0568_0_12|0
wsj_0568_0_13|0
wsj_0568_0_14|4
wsj_0568_0_15|0
wsj_0568_0_16|0
wsj_0568_0_17|0
wsj_0568_0_18|1
wsj_0568_0_19|3
wsj_0568_0_20|0
wsj_0568_0_21|0
wsj_0568_0_22|0
wsj_0568_0_23|2
wsj_0568_0_24|0
wsj_0568_0_25|1
wsj_0568_0_26|0
wsj_0568_0_27|0
wsj_0568_0_28|0
wsj_0568_0_29|0
wsj_0568_0_30|0
wsj_0568_0_31|0
wsj_0568_0_32|2
wsj_0568_0_33|1
wsj_0568_0_34|0
wsj_0568_0_35|0
wsj_0568_0_36|0
wsj_0568_0_37|0
wsj_0568_0_38|0
wsj_0568_9_0|0
wsj_0568_9_1|0
wsj_0568_9_2|0
wsj_0568_9_3|4
wsj_0568_9_4|0
wsj_0568_9_5|0
wsj_0568_9_6|0
wsj_0568_9_7|0
wsj_0568_9_8|0
wsj_0568_9_9|0
wsj_0568_9_10|1
wsj_0568_9_11|0
wsj_0568_9_12|0
wsj_0568_9_13|0
wsj_0568_9_14|0
wsj_0568_9_15|0
wsj_0568_9_16|0
wsj_0568_9_17|0
wsj_0568_9_18|0
wsj_0568_9_19|0
wsj_0568_9_20|0
wsj_0568_9_21|0
wsj_0568_9_22|1
wsj_0568_9_23|0
wsj_0568_9_24|0
wsj_0568_9_25|2
wsj_0568_9_26|0
wsj_0568_9_27|0
wsj_0568_9_28|0
wsj_0568_9_29|0
wsj_0568_9_30|0
wsj_0568_9_31|1
wsj_0568_9_32|0
wsj_0568_9_33|0
wsj_0568_8_0|0
wsj_0568_8_1|4
wsj_0568_8_2|0
wsj_0568_8_3|1
wsj_0568_8_4|1
wsj_0568_8_5|0
wsj_0568_8_6|0
wsj_0568_8_7|0
wsj_0568_8_8|0
wsj_0568_8_9|0
wsj_0568_8_10|0
wsj_0568_8_11|1
wsj_0568_8_12|0
wsj_0568_8_13|0
wsj_0568_8_14|0
wsj_0568_8_15|0
wsj_0568_8_16|0
wsj_0568_8_17|0
wsj_0568_8_18|0
wsj_0568_8_19|0
wsj_0568_8_20|0
wsj_0568_8_21|0
wsj_0568_8_22|2
wsj_0568_8_23|0
wsj_0568_8_24|0
wsj_0568_8_25|0
wsj_0568_8_26|0
wsj_0568_8_27|0
wsj_0568_8_28|0
wsj_0568_8_29|0
wsj_0568_8_30|0
ABC19980108.1830.0711_32_0|0
ABC19980108.1830.0711_32_1|0
ABC19980108.1830.0711_32_2|0
ABC19980108.1830.0711_32_3|0
ABC19980108.1830.0711_32_4|0
ABC19980108.1830.0711_32_5|0
ABC19980108.1830.0711_32_6|0
ABC19980108.1830.0711_32_7|0
ABC19980108.1830.0711_32_8|0
ABC19980108.1830.0711_31_0|0
ABC19980108.1830.0711_31_1|0
ABC19980108.1830.0711_31_2|0
ABC19980108.1830.0711_31_3|0
ABC19980108.1830.0711_31_4|0
ABC19980108.1830.0711_31_5|0
ABC19980108.1830.0711_31_6|0
ABC19980108.1830.0711_31_7|0
ABC19980108.1830.0711_31_8|0
ABC19980108.1830.0711_31_9|0
ABC19980108.1830.0711_31_10|0
ABC19980108.1830.0711_31_11|0
ABC19980108.1830.0711_31_12|0
ABC19980108.1830.0711_31_13|0
ABC19980108.1830.0711_31_14|0
ABC19980108.1830.0711_31_15|0
ABC19980108.1830.0711_31_16|0
ABC19980108.1830.0711_30_0|0
ABC19980108.1830.0711_30_1|0
ABC19980108.1830.0711_30_2|0
ABC19980108.1830.0711_30_3|0
ABC19980108.1830.0711_30_4|0
ABC19980108.1830.0711_30_5|0
ABC19980108.1830.0711_30_6|0
ABC19980108.1830.0711_30_7|0
ABC19980108.1830.0711_30_8|0
ABC19980108.1830.0711_30_9|0
ABC19980108.1830.0711_30_10|0
ABC19980108.1830.0711_30_11|0
ABC19980108.1830.0711_30_12|0
ABC19980108.1830.0711_30_13|0
ABC19980108.1830.0711_30_14|0
ABC19980108.1830.0711_30_15|0
ABC19980108.1830.0711_30_16|0
ABC19980108.1830.0711_30_17|0
ABC19980108.1830.0711_30_18|0
AP900815-0044_47_0|0
AP900815-0044_47_1|0
AP900815-0044_47_2|0
AP900815-0044_47_3|0
AP900815-0044_47_4|0
AP900815-0044_47_5|0
AP900815-0044_47_6|0
AP900815-0044_47_7|0
AP900815-0044_47_8|0
AP900815-0044_47_9|0
AP900815-0044_47_10|0
AP900815-0044_47_11|0
AP900815-0044_47_12|0
AP900815-0044_47_13|0
AP900815-0044_47_14|0
AP900815-0044_47_15|0
AP900815-0044_47_16|0
AP900815-0044_47_17|0
AP900815-0044_47_18|0
AP900815-0044_47_19|0
AP900815-0044_47_20|0
AP900815-0044_47_21|0
AP900815-0044_47_22|0
AP900815-0044_47_23|0
AP900815-0044_47_24|0
AP900815-0044_47_25|0
AP900815-0044_47_26|0
AP900815-0044_47_27|0
AP900815-0044_47_28|0
AP900815-0044_47_29|0
AP900815-0044_47_30|0
AP900815-0044_47_31|0
AP900815-0044_47_32|0
AP900815-0044_47_33|0
AP900815-0044_47_34|0
AP900815-0044_47_35|0
AP900815-0044_47_36|0
AP900815-0044_47_37|0
AP900815-0044_47_38|0
AP900815-0044_47_39|0
wsj_0907_4_0|0
wsj_0907_4_1|0
wsj_0907_4_2|4
wsj_0907_4_3|0
wsj_0907_4_4|0
wsj_0907_4_5|0
wsj_0907_4_6|0
wsj_0907_4_7|0
wsj_0907_4_8|1
wsj_0907_4_9|0
wsj_0907_4_10|0
wsj_0907_4_11|0
wsj_0907_4_12|0
wsj_0907_4_13|0
wsj_0907_4_14|0
wsj_0907_4_15|0
wsj_0907_4_16|0
wsj_0907_4_17|0
wsj_0907_4_18|0
wsj_0907_4_19|1
wsj_0907_4_20|3
wsj_0907_4_21|0
wsj_0907_4_22|0
wsj_0907_4_23|0
wsj_0907_4_24|0
wsj_0907_2_0|0
wsj_0907_2_1|0
wsj_0907_2_2|0
wsj_0907_2_3|0
wsj_0907_2_4|0
wsj_0907_2_5|0
wsj_0907_2_6|1
wsj_0907_2_7|0
wsj_0907_2_8|0
wsj_0907_2_9|0
wsj_0907_2_10|0
wsj_0907_2_11|0
wsj_0907_2_12|1
wsj_0907_2_13|0
wsj_0907_2_14|4
wsj_0907_2_15|0
wsj_0907_2_16|2
wsj_0907_2_17|0
wsj_0907_2_18|0
wsj_0907_2_19|0
wsj_0907_2_20|0
wsj_0907_2_21|0
wsj_0907_2_22|0
wsj_0907_2_23|0
wsj_0907_2_24|0
wsj_0907_2_25|0
wsj_0907_2_26|0
wsj_0907_2_27|0
wsj_0907_3_0|0
wsj_0907_3_1|0
wsj_0907_3_2|0
wsj_0907_3_3|3
wsj_0907_3_4|0
wsj_0907_3_5|0
wsj_0907_3_6|0
wsj_0907_3_7|0
wsj_0907_3_8|0
wsj_0907_3_9|0
wsj_0907_3_10|0
wsj_0907_3_11|0
NYT19980424.0421_9_0|0
NYT19980424.0421_9_1|0
NYT19980424.0421_9_2|0
NYT19980424.0421_9_3|0
NYT19980424.0421_9_4|0
NYT19980424.0421_9_5|0
NYT19980424.0421_9_6|0
NYT19980424.0421_9_7|0
NYT19980424.0421_9_8|0
NYT19980424.0421_9_9|0
NYT19980424.0421_9_10|0
NYT19980424.0421_9_11|0
NYT19980424.0421_9_12|0
NYT19980424.0421_9_13|0
NYT19980424.0421_9_14|0
NYT19980424.0421_9_15|0
NYT19980424.0421_9_16|0
NYT19980424.0421_9_17|0
NYT19980424.0421_9_18|0
NYT19980424.0421_9_19|0
NYT19980424.0421_9_20|0
NYT19980424.0421_9_21|0
NYT19980424.0421_9_22|0
NYT19980424.0421_9_23|0
NYT19980424.0421_9_24|0
NYT19980424.0421_9_25|0
NYT19980424.0421_9_26|0
NYT19980424.0421_9_27|0
NYT19980424.0421_9_28|0
NYT19980424.0421_9_29|0
NYT19980424.0421_9_30|0
NYT19980424.0421_9_31|0
NYT19980424.0421_9_32|0
NYT19980424.0421_9_33|0
NYT19980424.0421_9_34|0
NYT19980424.0421_9_35|0
NYT19980424.0421_9_36|0
NYT19980424.0421_9_37|0
NYT19980424.0421_9_38|0
NYT19980424.0421_9_39|0
NYT19980424.0421_9_40|0
NYT19980424.0421_9_41|0
NYT19980424.0421_9_42|0
NYT19980424.0421_9_43|0
NYT19980424.0421_9_44|0
NYT19980424.0421_9_45|0
NYT19980424.0421_9_46|0
NYT19980424.0421_9_47|0
NYT19980424.0421_9_48|0
NYT19980424.0421_9_49|0
NYT19980424.0421_9_50|0
NYT19980424.0421_9_51|0
NYT19980424.0421_9_52|0
NYT19980424.0421_9_53|0
NYT19980424.0421_9_54|0
NYT19980424.0421_9_55|0
NYT19980424.0421_9_56|0
NYT19980424.0421_9_57|0
NYT19980424.0421_9_58|0
NYT19980424.0421_9_59|0
NYT19980424.0421_9_60|0
NYT19980424.0421_9_61|0
NYT19980424.0421_9_62|0
NYT19980424.0421_9_63|0
NYT19980424.0421_9_64|0
NYT19980424.0421_9_65|0
NYT19980424.0421_9_66|0
NYT19980424.0421_9_67|0
NYT19980424.0421_9_68|0
wsj_0907_1_0|0
wsj_0907_1_1|0
wsj_0907_1_2|0
wsj_0907_1_3|0
wsj_0907_1_4|0
wsj_0907_1_5|0
wsj_0907_1_6|0
wsj_0907_1_7|0
wsj_0907_1_8|0
wsj_0907_1_9|0
wsj_0907_1_10|1
wsj_0907_1_11|1
wsj_0907_1_12|0
wsj_0907_1_13|0
wsj_0907_1_14|0
wsj_0907_1_15|0
wsj_0907_1_16|0
wsj_0907_1_17|0
wsj_0907_1_18|1
wsj_0907_1_19|0
wsj_0907_1_20|0
wsj_0907_1_21|0
wsj_0907_1_22|0
wsj_0907_1_23|0
wsj_0907_1_24|0
wsj_0907_1_25|1
wsj_0907_1_26|0
wsj_0907_1_27|0
wsj_0907_1_28|0
wsj_0907_1_29|0
wsj_0907_1_30|0
wsj_0907_1_31|0
WSJ910225-0066_51_0|0
WSJ910225-0066_51_1|0
WSJ910225-0066_51_2|0
WSJ910225-0066_51_3|0
WSJ910225-0066_51_4|0
WSJ910225-0066_51_5|0
WSJ910225-0066_51_6|0
WSJ910225-0066_51_7|0
WSJ910225-0066_51_8|0
WSJ910225-0066_51_9|0
WSJ910225-0066_51_10|0
WSJ910225-0066_51_11|0
WSJ910225-0066_51_12|0
WSJ910225-0066_51_13|0
WSJ910225-0066_51_14|0
WSJ910225-0066_51_15|0
WSJ910225-0066_51_16|0
WSJ910225-0066_51_17|0
WSJ910225-0066_51_18|0
WSJ910225-0066_51_19|0
WSJ910225-0066_51_20|0
WSJ910225-0066_51_21|0
WSJ910225-0066_51_22|0
WSJ910225-0066_51_23|0
WSJ910225-0066_51_24|0
WSJ910225-0066_51_25|0
WSJ910225-0066_51_26|0
WSJ910225-0066_51_27|0
WSJ910225-0066_51_28|0
WSJ910225-0066_51_29|0
WSJ910225-0066_51_30|0
WSJ910225-0066_51_31|0
WSJ910225-0066_51_32|0
WSJ910225-0066_51_33|0
WSJ910225-0066_51_34|0
WSJ910225-0066_51_35|0
WSJ910225-0066_51_36|0
WSJ910225-0066_51_37|0
WSJ910225-0066_51_38|0
WSJ910225-0066_51_39|0
WSJ910225-0066_51_40|0
WSJ910225-0066_51_41|0
WSJ910225-0066_51_42|0
WSJ910225-0066_51_43|0
WSJ910225-0066_51_44|0
WSJ910225-0066_51_45|0
WSJ910225-0066_51_46|0
WSJ910225-0066_51_47|0
WSJ910225-0066_50_0|0
WSJ910225-0066_50_1|0
WSJ910225-0066_50_2|0
WSJ910225-0066_50_3|0
WSJ910225-0066_50_4|0
WSJ910225-0066_50_5|0
WSJ910225-0066_50_6|0
WSJ910225-0066_50_7|0
WSJ910225-0066_50_8|0
WSJ910225-0066_50_9|0
WSJ910225-0066_50_10|0
WSJ910225-0066_50_11|0
WSJ910225-0066_50_12|0
WSJ910225-0066_50_13|0
WSJ910225-0066_50_14|0
WSJ910225-0066_50_15|0
WSJ910225-0066_50_16|0
WSJ910225-0066_50_17|0
WSJ910225-0066_50_18|0
WSJ910225-0066_50_19|0
WSJ910225-0066_50_20|0
WSJ910225-0066_50_21|0
WSJ910225-0066_50_22|0
WSJ910225-0066_50_23|0
WSJ910225-0066_50_24|0
WSJ910225-0066_50_25|0
WSJ910225-0066_50_26|0
WSJ910225-0066_50_27|0
WSJ910225-0066_50_28|0
WSJ910225-0066_50_29|0
WSJ910225-0066_50_30|0
WSJ910225-0066_50_31|0
WSJ910225-0066_50_32|0
WSJ910225-0066_50_33|0
WSJ910225-0066_50_34|0
WSJ910225-0066_50_35|0
WSJ910225-0066_50_36|0
WSJ910225-0066_50_37|0
WSJ910225-0066_50_38|0
WSJ910225-0066_50_39|0
WSJ910225-0066_50_40|0
WSJ910225-0066_50_41|0
WSJ910225-0066_50_42|0
WSJ910225-0066_50_43|0
WSJ910225-0066_50_44|0
WSJ910225-0066_50_45|0
WSJ910225-0066_50_46|0
WSJ910225-0066_50_47|0
WSJ910225-0066_50_48|0
WSJ910225-0066_50_49|0
WSJ910225-0066_50_50|0
WSJ910225-0066_53_0|0
WSJ910225-0066_53_1|0
WSJ910225-0066_53_2|0
WSJ910225-0066_53_3|0
WSJ910225-0066_53_4|0
WSJ910225-0066_53_5|0
WSJ910225-0066_53_6|0
WSJ910225-0066_53_7|0
WSJ910225-0066_53_8|0
WSJ910225-0066_53_9|0
WSJ910225-0066_53_10|0
WSJ910225-0066_53_11|0
WSJ910225-0066_53_12|0
WSJ910225-0066_53_13|0
WSJ910225-0066_53_14|0
WSJ910225-0066_53_15|0
WSJ910225-0066_53_16|0
WSJ910225-0066_53_17|0
WSJ910225-0066_53_18|0
WSJ910225-0066_53_19|0
WSJ910225-0066_53_20|0
WSJ910225-0066_53_21|0
WSJ910225-0066_53_22|0
WSJ910225-0066_53_23|0
WSJ910225-0066_53_24|0
WSJ910225-0066_52_0|0
WSJ910225-0066_52_1|0
WSJ910225-0066_52_2|0
WSJ910225-0066_52_3|0
WSJ910225-0066_52_4|0
WSJ910225-0066_52_5|0
WSJ910225-0066_52_6|0
WSJ910225-0066_52_7|0
WSJ910225-0066_52_8|0
WSJ910225-0066_52_9|0
WSJ910225-0066_52_10|0
WSJ910225-0066_52_11|0
WSJ910225-0066_52_12|0
WSJ910225-0066_52_13|0
WSJ910225-0066_52_14|0
WSJ910225-0066_52_15|0
WSJ910225-0066_52_16|0
WSJ910225-0066_52_17|0
WSJ910225-0066_52_18|0
WSJ910225-0066_52_19|0
WSJ910225-0066_52_20|0
WSJ910225-0066_52_21|0
WSJ910225-0066_52_22|0
WSJ910225-0066_52_23|0
WSJ910225-0066_52_24|0
WSJ910225-0066_55_0|0
WSJ910225-0066_55_1|0
WSJ910225-0066_55_2|0
WSJ910225-0066_55_3|0
WSJ910225-0066_55_4|0
WSJ910225-0066_55_5|0
WSJ910225-0066_55_6|0
WSJ910225-0066_55_7|0
WSJ910225-0066_55_8|0
WSJ910225-0066_55_9|0
WSJ910225-0066_55_10|0
WSJ910225-0066_55_11|0
WSJ910225-0066_55_12|0
WSJ910225-0066_55_13|0
WSJ910225-0066_55_14|0
WSJ910225-0066_55_15|0
WSJ910225-0066_55_16|0
WSJ910225-0066_55_17|0
WSJ910225-0066_55_18|0
wsj_0907_0_0|0
wsj_0907_0_1|0
wsj_0907_0_2|2
wsj_0907_0_3|2
wsj_0907_0_4|1
wsj_0907_0_5|1
wsj_0907_0_6|0
wsj_0907_0_7|1
wsj_0907_0_8|0
wsj_0907_0_9|0
wsj_0907_0_10|0
wsj_0907_0_11|2
wsj_0907_0_12|1
wsj_0907_0_13|0
wsj_0907_0_14|0
wsj_0907_0_15|1
wsj_0907_0_16|0
wsj_0907_0_17|0
wsj_0907_0_18|0
wsj_0907_0_19|0
wsj_0907_0_20|0
wsj_0907_0_21|0
wsj_0907_0_22|0
WSJ910225-0066_57_0|0
WSJ910225-0066_57_1|0
WSJ910225-0066_57_2|0
WSJ910225-0066_57_3|0
WSJ910225-0066_57_4|0
WSJ910225-0066_57_5|0
WSJ910225-0066_57_6|0
WSJ910225-0066_57_7|0
WSJ910225-0066_57_8|0
WSJ910225-0066_57_9|0
WSJ910225-0066_57_10|0
WSJ910225-0066_57_11|0
WSJ910225-0066_57_12|0
WSJ910225-0066_57_13|0
WSJ910225-0066_57_14|0
WSJ910225-0066_57_15|0
WSJ910225-0066_57_16|0
WSJ910225-0066_57_17|0
WSJ910225-0066_57_18|0
WSJ910225-0066_57_19|0
WSJ910225-0066_57_20|0
WSJ910225-0066_57_21|0
WSJ910225-0066_57_22|0
WSJ910225-0066_57_23|0
WSJ910225-0066_57_24|0
WSJ910225-0066_57_25|0
WSJ910225-0066_57_26|0
WSJ910225-0066_57_27|0
WSJ910225-0066_56_0|0
WSJ910225-0066_56_1|0
WSJ910225-0066_56_2|0
WSJ910225-0066_56_3|0
WSJ910225-0066_56_4|0
WSJ910225-0066_56_5|0
WSJ910225-0066_56_6|0
WSJ910225-0066_56_7|0
WSJ910225-0066_56_8|0
WSJ910225-0066_56_9|0
WSJ910225-0066_56_10|0
WSJ910225-0066_56_11|0
WSJ910225-0066_56_12|0
WSJ910225-0066_56_13|0
WSJ910225-0066_56_14|0
WSJ910225-0066_56_15|0
WSJ910225-0066_56_16|0
WSJ910225-0066_56_17|0
WSJ910225-0066_56_18|0
WSJ910225-0066_56_19|0
WSJ910225-0066_56_20|0
WSJ910225-0066_56_21|0
WSJ910225-0066_56_22|0
WSJ910225-0066_56_23|0
WSJ910225-0066_56_24|0
WSJ910225-0066_56_25|0
WSJ910225-0066_56_26|0
WSJ910225-0066_56_27|0
WSJ910225-0066_56_28|0
WSJ910225-0066_56_29|0
WSJ910225-0066_56_30|0
wsj_0786_5_0|0
wsj_0786_5_1|0
wsj_0786_5_2|0
wsj_0786_5_3|0
wsj_0786_5_4|0
wsj_0786_5_5|0
wsj_0786_5_6|0
wsj_0786_5_7|0
wsj_0786_5_8|0
wsj_0786_5_9|0
wsj_0786_5_10|0
wsj_0786_5_11|0
wsj_0786_5_12|0
wsj_0786_5_13|0
wsj_0786_5_14|0
wsj_0786_5_15|0
wsj_0786_5_16|0
wsj_0786_5_17|0
wsj_0786_5_18|0
wsj_0786_5_19|0
wsj_0786_5_20|0
wsj_0786_5_21|0
wsj_0786_5_22|0
wsj_0786_5_23|0
wsj_0786_5_24|0
wsj_0786_5_25|0
wsj_0786_5_26|0
wsj_0786_5_27|0
wsj_0786_5_28|0
wsj_0786_5_29|0
wsj_0786_4_0|0
wsj_0786_4_1|0
wsj_0786_4_2|0
wsj_0786_4_3|0
wsj_0786_4_4|0
wsj_0786_4_5|0
wsj_0786_4_6|0
wsj_0786_4_7|0
wsj_0786_4_8|0
wsj_0786_4_9|0
wsj_0786_4_10|0
wsj_0786_4_11|0
wsj_0786_4_12|0
wsj_0786_7_0|0
wsj_0786_7_1|0
wsj_0786_7_2|0
wsj_0786_7_3|0
wsj_0786_7_4|0
wsj_0786_7_5|0
wsj_0786_7_6|0
wsj_0786_7_7|0
wsj_0786_7_8|0
wsj_0786_7_9|0
wsj_0786_7_10|0
wsj_0786_7_11|0
wsj_0786_7_12|0
wsj_0786_7_13|0
wsj_0786_7_14|0
wsj_0786_7_15|0
wsj_0786_7_16|0
wsj_0786_7_17|0
wsj_0786_7_18|0
wsj_0786_7_19|0
wsj_0786_7_20|0
wsj_0786_7_21|0
wsj_0786_7_22|0
wsj_0786_7_23|0
wsj_0786_7_24|0
wsj_0786_6_0|0
wsj_0786_6_1|0
wsj_0786_6_2|0
wsj_0786_6_3|0
wsj_0786_6_4|0
wsj_0786_6_5|0
wsj_0786_6_6|0
wsj_0786_6_7|0
wsj_0786_6_8|0
wsj_0786_6_9|0
wsj_0786_6_10|0
wsj_0786_6_11|0
wsj_0786_6_12|0
wsj_0786_6_13|0
wsj_0786_6_14|0
wsj_0786_6_15|0
wsj_0786_6_16|0
wsj_0786_6_17|0
wsj_0786_6_18|0
wsj_0786_6_19|0
wsj_0786_6_20|0
wsj_0786_6_21|0
wsj_0786_6_22|0
wsj_0786_6_23|0
wsj_0786_6_24|0
wsj_0786_6_25|0
wsj_0786_1_0|0
wsj_0786_1_1|0
wsj_0786_1_2|0
wsj_0786_1_3|0
wsj_0786_1_4|0
wsj_0786_1_5|0
wsj_0786_1_6|0
wsj_0786_1_7|0
wsj_0786_1_8|0
wsj_0786_1_9|0
wsj_0786_1_10|0
wsj_0786_1_11|0
wsj_0786_0_0|0
wsj_0786_0_1|0
wsj_0786_0_2|0
wsj_0786_0_3|0
wsj_0786_0_4|0
wsj_0786_0_5|0
wsj_0786_0_6|0
wsj_0786_0_7|0
wsj_0786_0_8|0
wsj_0786_0_9|0
wsj_0786_0_10|0
wsj_0786_0_11|0
wsj_0786_0_12|0
wsj_0786_0_13|0
wsj_0786_0_14|0
wsj_0786_0_15|0
wsj_0786_0_16|0
wsj_0786_0_17|0
wsj_0786_0_18|0
wsj_0786_0_19|0
wsj_0786_0_20|0
wsj_0786_0_21|0
wsj_0786_0_22|0
wsj_0786_0_23|0
wsj_0786_0_24|0
wsj_0786_0_25|0
wsj_0786_0_26|0
wsj_0786_0_27|0
wsj_0786_0_28|0
wsj_0786_0_29|0
wsj_0786_0_30|0
wsj_0786_0_31|0
wsj_0786_0_32|0
wsj_0786_0_33|0
wsj_0786_3_0|0
wsj_0786_3_1|0
wsj_0786_3_2|0
wsj_0786_3_3|0
wsj_0786_3_4|0
wsj_0786_3_5|0
wsj_0786_3_6|0
wsj_0786_3_7|0
wsj_0786_3_8|0
wsj_0786_3_9|0
wsj_0786_3_10|0
wsj_0786_3_11|0
wsj_0786_3_12|0
wsj_0786_3_13|0
wsj_0786_3_14|0
wsj_0786_3_15|0
wsj_0786_3_16|0
wsj_0786_3_17|0
wsj_0786_3_18|0
wsj_0786_3_19|0
wsj_0786_3_20|0
wsj_0786_3_21|0
wsj_0786_3_22|0
wsj_0786_3_23|0
wsj_0786_3_24|0
wsj_0786_2_0|0
wsj_0786_2_1|0
wsj_0786_2_2|0
wsj_0786_2_3|0
wsj_0786_2_4|0
wsj_0786_2_5|0
wsj_0786_2_6|0
wsj_0786_2_7|0
wsj_0786_2_8|0
wsj_0786_2_9|0
wsj_0786_2_10|0
wsj_0786_2_11|0
wsj_0786_2_12|0
wsj_0786_2_13|0
wsj_0786_2_14|0
wsj_0786_2_15|0
wsj_0786_2_16|0
wsj_0786_2_17|0
wsj_0786_2_18|0
wsj_0786_2_19|0
wsj_0786_2_20|0
wsj_0786_2_21|0
wsj_0786_2_22|0
wsj_0786_2_23|0
wsj_0786_2_24|0
wsj_0786_2_25|0
wsj_0786_2_26|0
AP900815-0044_15_0|0
AP900815-0044_15_1|0
AP900815-0044_15_2|0
AP900815-0044_15_3|0
AP900815-0044_15_4|0
AP900815-0044_15_5|0
AP900815-0044_15_6|0
AP900815-0044_15_7|0
AP900815-0044_15_8|0
AP900815-0044_15_9|0
AP900815-0044_15_10|0
AP900815-0044_15_11|0
AP900815-0044_15_12|0
AP900815-0044_15_13|0
AP900815-0044_15_14|0
AP900815-0044_15_15|0
AP900815-0044_15_16|0
AP900815-0044_15_17|0
AP900815-0044_15_18|0
AP900815-0044_15_19|0
AP900815-0044_15_20|0
AP900815-0044_15_21|0
AP900815-0044_15_22|0
AP900815-0044_15_23|0
AP900815-0044_14_0|0
AP900815-0044_14_1|0
AP900815-0044_14_2|0
AP900815-0044_14_3|0
AP900815-0044_14_4|0
AP900815-0044_14_5|0
AP900815-0044_14_6|0
AP900815-0044_14_7|0
AP900815-0044_14_8|0
AP900815-0044_14_9|0
AP900815-0044_14_10|0
AP900815-0044_14_11|0
AP900815-0044_14_12|0
AP900815-0044_14_13|0
AP900815-0044_14_14|0
AP900815-0044_14_15|0
AP900815-0044_14_16|0
AP900815-0044_14_17|0
AP900815-0044_14_18|0
AP900815-0044_14_19|0
AP900815-0044_14_20|0
AP900815-0044_14_21|0
AP900815-0044_14_22|0
AP900815-0044_14_23|0
AP900815-0044_14_24|0
AP900815-0044_14_25|0
AP900815-0044_14_26|0
AP900815-0044_17_0|0
AP900815-0044_17_1|0
AP900815-0044_17_2|0
AP900815-0044_17_3|0
AP900815-0044_17_4|0
AP900815-0044_17_5|0
AP900815-0044_17_6|0
AP900815-0044_17_7|0
AP900815-0044_17_8|0
AP900815-0044_17_9|0
AP900815-0044_17_10|0
AP900815-0044_17_11|0
AP900815-0044_17_12|0
AP900815-0044_17_13|0
AP900815-0044_17_14|0
AP900815-0044_17_15|0
AP900815-0044_17_16|0
AP900815-0044_17_17|0
AP900815-0044_16_0|0
AP900815-0044_16_1|0
AP900815-0044_16_2|0
AP900815-0044_16_3|0
AP900815-0044_16_4|0
AP900815-0044_16_5|0
AP900815-0044_16_6|0
AP900815-0044_16_7|0
AP900815-0044_16_8|0
AP900815-0044_16_9|0
AP900815-0044_16_10|0
AP900815-0044_16_11|0
AP900815-0044_16_12|0
AP900815-0044_16_13|0
AP900815-0044_16_14|0
AP900815-0044_16_15|0
AP900815-0044_16_16|0
AP900815-0044_16_17|0
AP900815-0044_16_18|0
AP900815-0044_16_19|0
AP900815-0044_16_20|0
AP900815-0044_16_21|0
AP900815-0044_16_22|0
AP900815-0044_16_23|0
AP900815-0044_16_24|0
AP900815-0044_16_25|0
AP900815-0044_16_26|0
AP900815-0044_16_27|0
AP900815-0044_16_28|0
AP900815-0044_16_29|0
AP900815-0044_16_30|0
AP900815-0044_16_31|0
AP900815-0044_16_32|0
AP900815-0044_16_33|0
AP900815-0044_16_34|0
AP900815-0044_16_35|0
AP900815-0044_16_36|0
AP900815-0044_16_37|0
AP900815-0044_16_38|0
AP900815-0044_16_39|0
AP900815-0044_16_40|0
AP900815-0044_16_41|0
AP900815-0044_16_42|0
AP900815-0044_16_43|0
AP900815-0044_16_44|0
AP900815-0044_16_45|0
AP900815-0044_16_46|0
AP900815-0044_16_47|0
AP900815-0044_16_48|0
AP900815-0044_16_49|0
AP900815-0044_16_50|0
AP900815-0044_16_51|0
AP900815-0044_16_52|0
AP900815-0044_16_53|0
AP900815-0044_16_54|0
AP900815-0044_16_55|0
AP900815-0044_16_56|0
AP900815-0044_16_57|0
AP900815-0044_16_58|0
AP900815-0044_16_59|0
AP900815-0044_16_60|0
AP900815-0044_16_61|0
AP900815-0044_16_62|0
AP900815-0044_16_63|0
AP900815-0044_11_0|0
AP900815-0044_11_1|0
AP900815-0044_11_2|0
AP900815-0044_11_3|0
AP900815-0044_11_4|0
AP900815-0044_11_5|0
AP900815-0044_11_6|0
AP900815-0044_11_7|0
AP900815-0044_11_8|0
AP900815-0044_11_9|0
AP900815-0044_11_10|0
AP900815-0044_11_11|0
AP900815-0044_11_12|0
AP900815-0044_11_13|0
AP900815-0044_11_14|0
AP900815-0044_11_15|0
AP900815-0044_11_16|0
AP900815-0044_11_17|0
AP900815-0044_11_18|0
AP900815-0044_11_19|0
AP900815-0044_11_20|0
AP900815-0044_11_21|0
AP900815-0044_11_22|0
AP900815-0044_11_23|0
AP900815-0044_11_24|0
AP900815-0044_11_25|0
AP900815-0044_11_26|0
AP900815-0044_11_27|0
AP900815-0044_11_28|0
AP900815-0044_11_29|0
AP900815-0044_11_30|0
AP900815-0044_11_31|0
AP900815-0044_11_32|0
AP900815-0044_11_33|0
AP900815-0044_11_34|0
AP900815-0044_11_35|0
AP900815-0044_11_36|0
AP900815-0044_11_37|0
AP900815-0044_11_38|0
AP900815-0044_11_39|0
AP900815-0044_11_40|0
AP900815-0044_11_41|0
AP900815-0044_11_42|0
AP900815-0044_11_43|0
AP900815-0044_11_44|0
AP900815-0044_11_45|0
AP900815-0044_11_46|0
AP900815-0044_11_47|0
AP900815-0044_11_48|0
AP900815-0044_11_49|0
AP900815-0044_11_50|0
AP900815-0044_11_51|0
AP900815-0044_11_52|0
AP900815-0044_11_53|0
AP900815-0044_11_54|0
AP900815-0044_11_55|0
AP900815-0044_11_56|0
AP900815-0044_11_57|0
AP900815-0044_11_58|0
AP900815-0044_11_59|0
AP900815-0044_11_60|0
AP900815-0044_11_61|0
AP900815-0044_11_62|0
AP900815-0044_11_63|0
AP900815-0044_11_64|0
AP900815-0044_11_65|0
AP900815-0044_11_66|0
AP900815-0044_11_67|0
AP900815-0044_10_0|0
AP900815-0044_10_1|0
AP900815-0044_10_2|0
AP900815-0044_10_3|0
AP900815-0044_10_4|0
AP900815-0044_10_5|0
AP900815-0044_10_6|0
AP900815-0044_10_7|0
AP900815-0044_10_8|0
AP900815-0044_10_9|0
AP900815-0044_10_10|0
AP900815-0044_10_11|0
AP900815-0044_10_12|0
AP900815-0044_10_13|0
AP900815-0044_10_14|0
AP900815-0044_10_15|0
AP900815-0044_10_16|0
AP900815-0044_10_17|0
AP900815-0044_10_18|0
AP900815-0044_10_19|0
AP900815-0044_10_20|0
AP900815-0044_10_21|0
AP900815-0044_10_22|0
AP900815-0044_10_23|0
AP900815-0044_10_24|0
AP900815-0044_10_25|0
AP900815-0044_10_26|0
AP900815-0044_10_27|0
AP900815-0044_10_28|0
AP900815-0044_10_29|0
AP900815-0044_10_30|0
AP900815-0044_10_31|0
AP900815-0044_10_32|0
AP900815-0044_10_33|0
AP900815-0044_13_0|0
AP900815-0044_13_1|0
AP900815-0044_13_2|0
AP900815-0044_13_3|0
AP900815-0044_13_4|0
AP900815-0044_13_5|0
AP900815-0044_13_6|0
AP900815-0044_13_7|0
AP900815-0044_13_8|0
AP900815-0044_13_9|0
AP900815-0044_13_10|0
AP900815-0044_13_11|0
AP900815-0044_13_12|0
AP900815-0044_13_13|0
AP900815-0044_13_14|0
AP900815-0044_13_15|0
AP900815-0044_13_16|0
AP900815-0044_13_17|0
AP900815-0044_13_18|0
AP900815-0044_13_19|0
AP900815-0044_13_20|0
AP900815-0044_13_21|0
AP900815-0044_13_22|0
AP900815-0044_13_23|0
AP900815-0044_13_24|0
AP900815-0044_13_25|0
AP900815-0044_13_26|0
AP900815-0044_13_27|0
AP900815-0044_13_28|0
AP900815-0044_12_0|0
AP900815-0044_12_1|0
AP900815-0044_12_2|0
AP900815-0044_12_3|0
AP900815-0044_12_4|0
AP900815-0044_12_5|0
AP900815-0044_12_6|0
AP900815-0044_12_7|0
AP900815-0044_12_8|0
AP900815-0044_12_9|0
AP900815-0044_12_10|0
AP900815-0044_12_11|0
AP900815-0044_12_12|0
AP900815-0044_12_13|0
AP900815-0044_12_14|0
AP900815-0044_12_15|0
AP900815-0044_12_16|0
AP900815-0044_19_0|0
AP900815-0044_19_1|0
AP900815-0044_19_2|0
AP900815-0044_19_3|0
AP900815-0044_19_4|0
AP900815-0044_19_5|0
AP900815-0044_19_6|0
AP900815-0044_19_7|0
AP900815-0044_19_8|0
AP900815-0044_19_9|0
AP900815-0044_19_10|0
AP900815-0044_19_11|0
AP900815-0044_19_12|0
AP900815-0044_19_13|0
AP900815-0044_19_14|0
AP900815-0044_19_15|0
AP900815-0044_19_16|0
AP900815-0044_18_0|0
AP900815-0044_18_1|0
AP900815-0044_18_2|0
AP900815-0044_18_3|0
AP900815-0044_18_4|0
AP900815-0044_18_5|0
AP900815-0044_18_6|0
AP900815-0044_18_7|0
AP900815-0044_18_8|0
AP900815-0044_18_9|0
AP900815-0044_18_10|0
AP900815-0044_18_11|0
AP900815-0044_18_12|0
AP900815-0044_18_13|0
AP900815-0044_18_14|0
AP900815-0044_18_15|0
AP900815-0044_18_16|0
AP900815-0044_18_17|0
AP900815-0044_18_18|0
AP900815-0044_18_19|0
AP900815-0044_18_20|0
AP900815-0044_18_21|0
AP900815-0044_18_22|0
AP900815-0044_18_23|0
AP900815-0044_18_24|0
AP900815-0044_18_25|0
AP900815-0044_18_26|0
AP900815-0044_18_27|0
AP900815-0044_18_28|0
wsj_0266_2_0|0
wsj_0266_2_1|0
wsj_0266_2_2|0
wsj_0266_2_3|0
wsj_0266_2_4|0
wsj_0266_2_5|0
wsj_0266_2_6|0
wsj_0266_2_7|0
wsj_0266_2_8|0
wsj_0266_2_9|0
wsj_0266_2_10|0
wsj_0266_2_11|0
wsj_0266_2_12|0
wsj_0266_2_13|0
wsj_0266_2_14|0
wsj_0266_2_15|0
wsj_0266_2_16|0
wsj_0266_2_17|0
wsj_0266_2_18|0
wsj_0266_2_19|0
wsj_0266_2_20|0
wsj_0266_2_21|0
wsj_0266_2_22|0
wsj_0266_2_23|0
wsj_0266_2_24|0
wsj_0266_2_25|0
wsj_0266_2_26|0
wsj_0266_2_27|0
wsj_0266_2_28|0
wsj_0266_3_0|0
wsj_0266_3_1|0
wsj_0266_3_2|0
wsj_0266_3_3|0
wsj_0266_3_4|0
wsj_0266_3_5|0
wsj_0266_3_6|0
wsj_0266_3_7|0
wsj_0266_3_8|0
wsj_0266_3_9|0
wsj_0266_3_10|0
wsj_0266_3_11|0
wsj_0266_3_12|0
wsj_0266_3_13|0
wsj_0266_3_14|0
wsj_0266_3_15|0
wsj_0266_3_16|0
wsj_0266_3_17|0
wsj_0266_3_18|0
wsj_0266_3_19|0
wsj_0266_3_20|0
wsj_0266_3_21|0
wsj_0266_3_22|0
wsj_0266_3_23|0
wsj_0266_3_24|0
wsj_0266_3_25|0
wsj_0266_3_26|0
wsj_0266_3_27|0
wsj_0266_3_28|0
wsj_0266_3_29|0
wsj_0266_3_30|0
wsj_0266_3_31|0
wsj_0266_3_32|0
wsj_0266_3_33|0
wsj_0266_3_34|0
wsj_0266_3_35|0
wsj_0266_3_36|0
wsj_0266_3_37|0
wsj_0266_3_38|0
wsj_0266_3_39|0
wsj_0266_3_40|0
wsj_0266_0_0|0
wsj_0266_0_1|0
wsj_0266_0_2|0
wsj_0266_0_3|0
wsj_0266_0_4|0
wsj_0266_0_5|0
wsj_0266_0_6|0
wsj_0266_0_7|0
wsj_0266_0_8|0
wsj_0266_0_9|0
wsj_0266_0_10|0
wsj_0266_0_11|0
wsj_0266_0_12|0
wsj_0266_0_13|0
wsj_0266_0_14|0
wsj_0266_0_15|0
wsj_0266_0_16|0
wsj_0266_0_17|0
wsj_0266_0_18|0
wsj_0266_0_19|0
wsj_0266_0_20|0
wsj_0266_0_21|0
wsj_0266_0_22|0
wsj_0266_0_23|0
wsj_0266_0_24|0
wsj_0266_0_25|0
wsj_0266_0_26|0
wsj_0266_1_0|0
wsj_0266_1_1|0
wsj_0266_1_2|0
wsj_0266_1_3|0
wsj_0266_1_4|0
wsj_0266_1_5|0
wsj_0266_1_6|0
wsj_0266_1_7|0
wsj_0266_1_8|0
wsj_0266_1_9|0
wsj_0266_1_10|0
wsj_0266_1_11|0
wsj_0266_1_12|0
wsj_0266_1_13|0
wsj_0266_1_14|0
wsj_0266_1_15|0
wsj_0266_1_16|0
wsj_0266_1_17|0
wsj_0266_1_18|0
wsj_0266_1_19|0
wsj_0266_1_20|0
wsj_0266_1_21|0
wsj_0266_1_22|0
wsj_0266_1_23|0
wsj_0266_1_24|0
wsj_0266_1_25|0
wsj_0266_1_26|0
wsj_0266_1_27|0
wsj_0266_1_28|0
wsj_0266_1_29|0
wsj_0266_1_30|0
wsj_0266_1_31|0
wsj_0266_1_32|0
wsj_0266_1_33|0
wsj_0266_4_0|0
wsj_0266_4_1|0
wsj_0266_4_2|0
wsj_0266_4_3|0
wsj_0266_4_4|0
wsj_0266_4_5|0
wsj_0266_4_6|0
wsj_0266_4_7|0
wsj_0266_4_8|0
wsj_0132_6_0|0
wsj_0132_6_1|0
wsj_0132_6_2|0
wsj_0132_6_3|0
wsj_0132_6_4|0
wsj_0132_6_5|0
wsj_0132_6_6|0
wsj_0132_6_7|0
wsj_0132_6_8|5
wsj_0132_6_9|0
wsj_0132_6_10|0
wsj_0132_6_11|2
wsj_0132_6_12|0
wsj_0132_6_13|0
wsj_0132_6_14|0
wsj_0132_6_15|0
wsj_0132_6_16|0
wsj_0132_6_17|0
wsj_0132_6_18|0
wsj_0132_6_19|0
wsj_0132_6_20|0
wsj_0132_6_21|0
wsj_0132_6_22|0
wsj_0132_6_23|3
wsj_0132_6_24|0
wsj_0132_7_0|0
wsj_0132_7_1|0
wsj_0132_7_2|1
wsj_0132_7_3|0
wsj_0132_7_4|2
wsj_0132_7_5|0
wsj_0132_7_6|2
wsj_0132_7_7|0
wsj_0132_7_8|0
wsj_0132_7_9|1
wsj_0132_7_10|0
wsj_0132_7_11|0
wsj_0132_7_12|0
wsj_0132_7_13|0
wsj_0132_7_14|0
wsj_0132_7_15|0
wsj_0132_7_16|0
wsj_0132_7_17|0
wsj_0132_4_0|0
wsj_0132_4_1|0
wsj_0132_4_2|0
wsj_0132_4_3|0
wsj_0132_4_4|1
wsj_0132_4_5|0
wsj_0132_4_6|0
wsj_0132_4_7|1
wsj_0132_4_8|0
wsj_0132_4_9|0
wsj_0132_4_10|0
wsj_0132_4_11|0
wsj_0132_4_12|0
wsj_0132_4_13|0
wsj_0132_4_14|0
wsj_0132_4_15|0
wsj_0132_4_16|0
wsj_0132_4_17|0
wsj_0132_4_18|0
wsj_0132_5_0|0
wsj_0132_5_1|0
wsj_0132_5_2|0
wsj_0132_5_3|0
wsj_0132_5_4|2
wsj_0132_5_5|4
wsj_0132_5_6|0
wsj_0132_5_7|0
wsj_0132_5_8|0
wsj_0132_5_9|0
wsj_0132_5_10|0
wsj_0132_5_11|0
wsj_0132_5_12|4
wsj_0132_5_13|0
wsj_0132_5_14|0
wsj_0132_5_15|1
wsj_0132_5_16|0
wsj_0132_5_17|0
wsj_0132_5_18|0
wsj_0132_5_19|0
wsj_0132_5_20|0
wsj_0132_5_21|0
wsj_0132_5_22|0
wsj_0132_5_23|0
wsj_0132_2_0|0
wsj_0132_2_1|0
wsj_0132_2_2|0
wsj_0132_2_3|0
wsj_0132_2_4|1
wsj_0132_2_5|1
wsj_0132_2_6|0
wsj_0132_2_7|0
wsj_0132_2_8|0
wsj_0132_2_9|0
wsj_0132_2_10|0
wsj_0132_2_11|0
wsj_0132_2_12|0
wsj_0132_2_13|0
wsj_0132_2_14|0
wsj_0132_2_15|0
wsj_0132_2_16|0
wsj_0132_2_17|0
wsj_0132_2_18|3
wsj_0132_2_19|0
wsj_0132_2_20|0
wsj_0132_2_21|0
wsj_0132_2_22|0
wsj_0132_2_23|0
wsj_0132_2_24|0
wsj_0132_2_25|0
wsj_0132_2_26|0
wsj_0132_2_27|0
wsj_0132_2_28|0
wsj_0132_2_29|0
wsj_0132_3_0|0
wsj_0132_3_1|0
wsj_0132_3_2|2
wsj_0132_3_3|2
wsj_0132_3_4|0
wsj_0132_3_5|0
wsj_0132_3_6|1
wsj_0132_3_7|0
wsj_0132_3_8|1
wsj_0132_3_9|0
wsj_0132_3_10|0
wsj_0132_3_11|1
wsj_0132_3_12|0
wsj_0132_3_13|0
wsj_0132_3_14|0
wsj_0132_3_15|0
wsj_0132_3_16|0
wsj_0132_3_17|0
wsj_0132_3_18|0
wsj_0132_0_0|0
wsj_0132_0_1|0
wsj_0132_0_2|4
wsj_0132_0_3|0
wsj_0132_0_4|0
wsj_0132_0_5|0
wsj_0132_0_6|0
wsj_0132_0_7|1
wsj_0132_0_8|0
wsj_0132_0_9|4
wsj_0132_0_10|0
wsj_0132_0_11|1
wsj_0132_0_12|0
wsj_0132_0_13|0
wsj_0132_0_14|0
wsj_0132_0_15|0
wsj_0132_0_16|0
wsj_0132_0_17|1
wsj_0132_0_18|0
wsj_0132_0_19|0
wsj_0132_0_20|0
wsj_0132_0_21|0
wsj_0132_0_22|0
wsj_0132_0_23|0
wsj_0132_0_24|0
wsj_0132_0_25|0
wsj_0132_1_0|0
wsj_0132_1_1|0
wsj_0132_1_2|0
wsj_0132_1_3|0
wsj_0132_1_4|4
wsj_0132_1_5|0
wsj_0132_1_6|0
wsj_0132_1_7|3
wsj_0132_1_8|0
wsj_0132_1_9|0
wsj_0132_1_10|0
wsj_0132_1_11|0
wsj_0132_1_12|0
wsj_0132_1_13|0
wsj_0132_1_14|0
wsj_0132_1_15|0
wsj_0132_1_16|0
wsj_0132_1_17|0
wsj_0132_1_18|0
wsj_0132_1_19|0
wsj_0132_1_20|0
wsj_0132_1_21|0
wsj_0132_1_22|0
wsj_0132_1_23|0
wsj_0132_1_24|0
wsj_0132_1_25|0
wsj_0132_1_26|0
wsj_0132_1_27|0
wsj_0132_1_28|0
wsj_0132_1_29|0
wsj_0132_1_30|0
wsj_0132_1_31|0
wsj_0132_1_32|0
wsj_0132_1_33|0
wsj_0132_1_34|0
wsj_0132_1_35|0
wsj_0132_1_36|0
wsj_0132_1_37|0
wsj_0575_37_0|0
wsj_0575_37_1|0
wsj_0575_37_2|0
wsj_0575_37_3|0
wsj_0575_37_4|0
wsj_0575_37_5|0
wsj_0575_37_6|0
wsj_0575_37_7|0
wsj_0575_37_8|0
wsj_0575_37_9|0
wsj_0575_37_10|0
wsj_0575_37_11|0
wsj_0575_37_12|0
wsj_0575_37_13|0
wsj_0575_37_14|0
wsj_0575_37_15|0
wsj_0575_37_16|0
wsj_0575_37_17|0
wsj_0575_37_18|0
wsj_0575_37_19|0
wsj_0575_37_20|0
wsj_0575_37_21|0
wsj_0575_37_22|0
CNN19980213.2130.0155_14_0|0
CNN19980213.2130.0155_14_1|0
CNN19980213.2130.0155_14_2|0
CNN19980213.2130.0155_14_3|0
CNN19980213.2130.0155_14_4|0
CNN19980213.2130.0155_14_5|0
CNN19980213.2130.0155_14_6|0
CNN19980213.2130.0155_14_7|0
CNN19980213.2130.0155_14_8|0
wsj_0575_36_0|0
wsj_0575_36_1|0
wsj_0575_36_2|0
wsj_0575_36_3|0
wsj_0575_36_4|0
wsj_0575_36_5|0
wsj_0575_36_6|0
wsj_0575_36_7|0
wsj_0575_36_8|0
wsj_0575_36_9|0
wsj_0575_36_10|0
wsj_0575_36_11|0
wsj_0575_36_12|0
wsj_0575_36_13|0
wsj_0575_36_14|0
wsj_0575_36_15|0
wsj_0292_6_0|0
wsj_0292_6_1|0
wsj_0292_6_2|0
wsj_0292_6_3|0
wsj_0292_6_4|0
wsj_0292_6_5|0
wsj_0292_6_6|0
wsj_0292_6_7|0
wsj_0292_6_8|0
wsj_0292_6_9|0
wsj_0292_6_10|0
wsj_0292_6_11|0
wsj_0292_6_12|0
wsj_0292_6_13|0
wsj_0292_6_14|0
wsj_0292_6_15|0
wsj_0292_6_16|0
wsj_0292_6_17|0
wsj_0292_6_18|0
wsj_0292_6_19|0
wsj_0292_6_20|0
wsj_0292_6_21|0
wsj_0292_6_22|0
wsj_0292_6_23|0
wsj_0292_6_24|0
wsj_0292_6_25|0
wsj_0292_6_26|0
wsj_0292_6_27|0
wsj_0292_6_28|0
wsj_0292_6_29|0
wsj_0292_3_0|0
wsj_0292_3_1|0
wsj_0292_3_2|0
wsj_0292_3_3|0
wsj_0292_3_4|0
wsj_0292_3_5|0
wsj_0292_3_6|0
wsj_0292_3_7|0
wsj_0292_3_8|0
wsj_0292_3_9|0
wsj_0292_3_10|0
wsj_0292_3_11|0
wsj_0292_3_12|0
wsj_0292_3_13|0
wsj_0292_3_14|0
wsj_0292_3_15|0
wsj_0292_3_16|0
wsj_0292_3_17|0
wsj_0292_3_18|0
wsj_0292_3_19|0
wsj_0292_3_20|0
wsj_0292_3_21|0
wsj_0292_3_22|0
wsj_0292_3_23|0
wsj_0292_3_24|0
wsj_0292_3_25|0
wsj_0292_3_26|0
wsj_0292_3_27|0
wsj_0292_3_28|0
wsj_0292_3_29|0
wsj_0292_3_30|0
wsj_0324_0_0|0
wsj_0324_0_1|0
wsj_0324_0_2|0
wsj_0324_0_3|0
wsj_0324_0_4|0
wsj_0324_0_5|0
wsj_0324_0_6|0
wsj_0324_0_7|0
wsj_0324_0_8|0
wsj_0324_0_9|0
wsj_0324_0_10|0
wsj_0324_0_11|0
wsj_0324_3_0|0
wsj_0324_3_1|0
wsj_0324_3_2|0
wsj_0324_3_3|0
wsj_0324_3_4|0
wsj_0324_3_5|0
wsj_0324_3_6|0
wsj_0324_3_7|0
wsj_0324_3_8|0
wsj_0324_3_9|0
wsj_0324_3_10|0
wsj_0324_3_11|0
wsj_0324_3_12|0
wsj_0324_3_13|0
wsj_0324_3_14|0
wsj_0324_3_15|0
wsj_0324_3_16|0
wsj_0324_3_17|0
wsj_0324_3_18|0
wsj_0324_3_19|0
wsj_0324_3_20|0
wsj_0324_3_21|0
wsj_0324_3_22|0
wsj_0324_3_23|0
wsj_0324_3_24|0
wsj_0324_3_25|0
wsj_0324_3_26|0
wsj_0324_3_27|0
wsj_0324_3_28|0
wsj_0292_0_0|0
wsj_0292_0_1|0
wsj_0292_0_2|0
wsj_0292_0_3|0
wsj_0292_0_4|0
wsj_0292_0_5|0
wsj_0292_0_6|0
wsj_0292_0_7|0
wsj_0292_0_8|0
wsj_0292_0_9|0
wsj_0292_0_10|0
wsj_0292_0_11|0
wsj_0292_0_12|0
wsj_0292_0_13|0
wsj_0292_0_14|0
wsj_0292_0_15|0
wsj_0292_0_16|0
wsj_0292_0_17|0
wsj_0292_0_18|0
wsj_0175_1_0|0
wsj_0175_1_1|0
wsj_0175_1_2|1
wsj_0175_1_3|0
wsj_0175_1_4|0
wsj_0175_1_5|2
wsj_0175_1_6|0
wsj_0175_1_7|0
wsj_0175_1_8|0
wsj_0175_1_9|0
wsj_0175_1_10|0
wsj_0175_1_11|1
wsj_0175_1_12|1
wsj_0175_1_13|3
wsj_0175_1_14|0
wsj_0175_1_15|0
wsj_0175_1_16|0
wsj_0175_1_17|0
wsj_0175_1_18|0
wsj_0175_1_19|0
wsj_0175_1_20|0
wsj_0175_1_21|0
wsj_0175_1_22|0
wsj_0175_1_23|0
wsj_0175_1_24|0
wsj_0175_1_25|3
wsj_0175_1_26|0
wsj_0175_0_0|0
wsj_0175_0_1|0
wsj_0175_0_2|4
wsj_0175_0_3|0
wsj_0175_0_4|0
wsj_0175_0_5|0
wsj_0175_0_6|0
wsj_0175_0_7|0
wsj_0175_0_8|0
wsj_0175_0_9|0
wsj_0175_0_10|0
wsj_0175_0_11|0
wsj_0175_0_12|0
wsj_0175_0_13|0
wsj_0175_0_14|0
wsj_0175_0_15|3
wsj_0175_0_16|0
wsj_0175_0_17|0
wsj_0175_0_18|0
wsj_0175_0_19|0
wsj_0175_0_20|0
wsj_0175_0_21|0
wsj_0175_0_22|0
wsj_0175_0_23|0
wsj_0175_0_24|0
wsj_0175_0_25|0
wsj_0175_0_26|0
wsj_0175_3_0|0
wsj_0175_3_1|0
wsj_0175_3_2|0
wsj_0175_3_3|0
wsj_0175_3_4|0
wsj_0175_3_5|2
wsj_0175_3_6|0
wsj_0175_3_7|2
wsj_0175_3_8|0
wsj_0175_3_9|0
wsj_0175_3_10|0
wsj_0175_3_11|0
wsj_0175_3_12|0
wsj_0175_3_13|1
wsj_0175_3_14|0
wsj_0175_3_15|2
wsj_0175_3_16|0
wsj_0175_3_17|0
wsj_0175_3_18|0
wsj_0175_2_0|0
wsj_0175_2_1|0
wsj_0175_2_2|3
wsj_0175_2_3|0
wsj_0175_2_4|0
wsj_0175_2_5|0
wsj_0175_2_6|0
wsj_0175_2_7|0
wsj_0175_2_8|1
wsj_0175_2_9|0
wsj_0175_2_10|0
wsj_0175_2_11|0
wsj_0175_2_12|0
wsj_0175_2_13|4
wsj_0175_2_14|0
wsj_0175_2_15|1
wsj_0175_2_16|0
wsj_0175_2_17|0
wsj_0175_2_18|0
wsj_0175_2_19|0
wsj_0175_2_20|0
wsj_0175_5_0|0
wsj_0175_5_1|0
wsj_0175_5_2|0
wsj_0175_5_3|3
wsj_0175_5_4|0
wsj_0175_5_5|0
wsj_0175_5_6|0
wsj_0175_5_7|0
wsj_0175_5_8|0
wsj_0175_5_9|0
wsj_0175_5_10|0
wsj_0175_5_11|0
wsj_0175_5_12|1
wsj_0175_5_13|0
wsj_0175_5_14|4
wsj_0175_5_15|1
wsj_0175_5_16|0
wsj_0175_5_17|0
wsj_0175_5_18|0
wsj_0175_5_19|0
wsj_0175_5_20|0
wsj_0175_5_21|0
wsj_0175_5_22|0
wsj_0175_5_23|0
wsj_0175_4_0|0
wsj_0175_4_1|0
wsj_0175_4_2|1
wsj_0175_4_3|2
wsj_0175_4_4|0
wsj_0175_4_5|0
wsj_0175_4_6|0
wsj_0175_4_7|0
wsj_0175_4_8|0
wsj_0175_4_9|1
wsj_0175_4_10|0
wsj_0175_4_11|0
wsj_0175_4_12|2
wsj_0175_4_13|0
wsj_0175_4_14|0
wsj_0175_4_15|1
wsj_0175_4_16|0
wsj_0175_6_0|0
wsj_0175_6_1|0
wsj_0175_6_2|1
wsj_0175_6_3|0
wsj_0175_6_4|0
wsj_0175_6_5|0
wsj_0175_6_6|1
wsj_0175_6_7|0
wsj_0175_6_8|0
wsj_0175_6_9|0
wsj_0173_3_0|0
wsj_0173_3_1|0
wsj_0173_3_2|0
wsj_0173_3_3|0
wsj_0173_3_4|0
wsj_0173_3_5|0
wsj_0173_3_6|0
wsj_0173_3_7|0
wsj_0173_3_8|3
wsj_0173_3_9|0
wsj_0173_3_10|0
wsj_0173_3_11|0
wsj_0173_3_12|0
wsj_0173_3_13|0
wsj_0173_3_14|0
wsj_0173_3_15|4
wsj_0173_3_16|0
wsj_0173_3_17|0
wsj_0173_3_18|0
wsj_0173_3_19|0
wsj_0173_3_20|0
wsj_0173_3_21|0
wsj_0173_3_22|0
wsj_0173_3_23|0
wsj_0173_3_24|2
wsj_0173_3_25|0
wsj_0173_3_26|0
wsj_0173_3_27|0
wsj_0173_3_28|0
wsj_0173_3_29|0
wsj_0173_3_30|0
wsj_0173_3_31|0
wsj_0173_3_32|0
wsj_0173_3_33|4
wsj_0173_3_34|0
wsj_0173_2_0|0
wsj_0173_2_1|0
wsj_0173_2_2|0
wsj_0173_2_3|0
wsj_0173_2_4|0
wsj_0173_2_5|0
wsj_0173_2_6|0
wsj_0173_2_7|0
wsj_0173_2_8|0
wsj_0173_2_9|0
wsj_0173_2_10|0
wsj_0173_2_11|0
wsj_0173_2_12|0
wsj_0173_2_13|0
wsj_0173_2_14|0
wsj_0173_2_15|0
wsj_0173_2_16|0
wsj_0173_2_17|0
wsj_0173_2_18|0
wsj_0173_2_19|0
wsj_0173_2_20|0
wsj_0173_2_21|0
wsj_0173_2_22|0
wsj_0173_2_23|0
wsj_0173_2_24|0
wsj_0173_2_25|0
wsj_0173_2_26|0
wsj_0173_2_27|0
wsj_0173_2_28|0
wsj_0173_2_29|0
wsj_0173_2_30|0
wsj_0173_2_31|0
wsj_0173_2_32|0
wsj_0173_2_33|0
wsj_0173_2_34|0
wsj_0173_2_35|0
wsj_0173_1_0|0
wsj_0173_1_1|0
wsj_0173_1_2|0
wsj_0173_1_3|0
wsj_0173_1_4|0
wsj_0173_1_5|0
wsj_0173_1_6|0
wsj_0173_1_7|0
wsj_0173_1_8|0
wsj_0173_1_9|0
wsj_0173_1_10|0
wsj_0173_1_11|0
wsj_0173_1_12|0
wsj_0173_1_13|0
wsj_0173_1_14|0
wsj_0173_1_15|0
wsj_0173_1_16|0
wsj_0173_1_17|0
wsj_0173_1_18|0
wsj_0173_1_19|0
wsj_0173_1_20|0
wsj_0173_1_21|0
wsj_0173_1_22|0
wsj_0173_1_23|0
wsj_0173_1_24|0
wsj_0173_1_25|0
wsj_0173_1_26|0
wsj_0173_1_27|0
wsj_0173_1_28|0
wsj_0173_1_29|0
wsj_0173_0_0|0
wsj_0173_0_1|0
wsj_0173_0_2|0
wsj_0173_0_3|0
wsj_0173_0_4|0
wsj_0173_0_5|0
wsj_0173_0_6|0
wsj_0173_0_7|0
wsj_0173_0_8|0
wsj_0173_0_9|0
wsj_0173_0_10|0
wsj_0173_0_11|0
wsj_0173_0_12|0
wsj_0173_0_13|0
wsj_0173_0_14|0
wsj_0173_0_15|0
wsj_0173_0_16|0
wsj_0173_0_17|0
wsj_0173_0_18|0
wsj_0173_0_19|0
wsj_0173_0_20|0
wsj_0173_0_21|0
wsj_0173_0_22|0
wsj_0173_0_23|0
wsj_0173_0_24|0
wsj_0173_0_25|0
wsj_0173_0_26|0
wsj_0173_0_27|0
wsj_0173_0_28|0
wsj_0173_0_29|0
wsj_0173_0_30|0
wsj_0173_0_31|0
wsj_0173_0_32|0
wsj_0173_0_33|0
wsj_0173_0_34|0
wsj_0173_0_35|0
wsj_0173_0_36|0
wsj_0173_0_37|0
wsj_0173_6_0|0
wsj_0173_6_1|0
wsj_0173_6_2|0
wsj_0173_6_3|0
wsj_0173_6_4|0
wsj_0173_6_5|0
wsj_0173_6_6|0
wsj_0173_6_7|0
wsj_0173_6_8|0
wsj_0173_6_9|0
wsj_0173_6_10|0
wsj_0173_6_11|0
wsj_0173_6_12|0
wsj_0173_6_13|0
wsj_0173_6_14|0
wsj_0173_6_15|0
wsj_0173_6_16|0
wsj_0173_6_17|0
wsj_0173_6_18|0
wsj_0173_6_19|0
wsj_0173_6_20|0
wsj_0173_6_21|0
wsj_0173_6_22|0
wsj_0173_5_0|0
wsj_0173_5_1|0
wsj_0173_5_2|0
wsj_0173_5_3|0
wsj_0173_5_4|0
wsj_0173_5_5|0
wsj_0173_5_6|0
wsj_0173_5_7|0
wsj_0173_5_8|0
wsj_0173_5_9|0
wsj_0173_5_10|0
wsj_0173_5_11|0
wsj_0173_5_12|0
wsj_0173_5_13|0
wsj_0173_5_14|0
wsj_0173_5_15|0
wsj_0173_5_16|0
wsj_0173_5_17|0
wsj_0173_5_18|0
wsj_0173_5_19|0
wsj_0173_5_20|0
wsj_0173_5_21|0
wsj_0173_5_22|0
wsj_0173_4_0|0
wsj_0173_4_1|0
wsj_0173_4_2|0
wsj_0173_4_3|0
wsj_0173_4_4|0
wsj_0173_4_5|0
wsj_0173_4_6|0
wsj_0173_4_7|0
wsj_0173_4_8|0
wsj_0173_4_9|0
wsj_0173_4_10|0
wsj_0173_4_11|0
wsj_0173_4_12|0
wsj_0173_4_13|0
wsj_0173_4_14|0
wsj_0173_4_15|0
wsj_0173_4_16|0
wsj_0173_4_17|0
wsj_0173_4_18|0
wsj_0173_4_19|0
wsj_0173_4_20|0
wsj_1014_0_0|0
wsj_1014_0_1|0
wsj_1014_0_2|0
wsj_1014_1_0|0
wsj_1014_1_1|0
wsj_1014_1_2|0
wsj_1014_1_3|0
wsj_1014_1_4|0
wsj_1014_1_5|0
wsj_1014_1_6|0
wsj_1014_1_7|0
wsj_1014_1_8|0
wsj_1014_1_9|0
wsj_1014_1_10|0
wsj_1014_1_11|0
wsj_1014_1_12|0
wsj_1014_1_13|0
wsj_1014_1_14|0
wsj_1014_1_15|0
wsj_1014_1_16|0
wsj_1014_1_17|0
wsj_1014_1_18|0
wsj_1014_1_19|0
wsj_1014_1_20|0
wsj_1014_1_21|0
wsj_1014_1_22|0
wsj_1014_1_23|0
wsj_1014_1_24|0
wsj_1014_1_25|0
wsj_1014_1_26|0
wsj_1014_1_27|0
wsj_1014_1_28|0
wsj_1014_1_29|0
wsj_1014_2_0|0
wsj_1014_2_1|0
wsj_1014_2_2|0
wsj_1014_2_3|0
wsj_1014_2_4|0
wsj_1014_2_5|0
wsj_1014_2_6|0
wsj_1014_2_7|0
wsj_1014_2_8|0
wsj_1014_2_9|0
wsj_1014_2_10|0
wsj_1014_2_11|0
wsj_1014_2_12|0
wsj_1014_2_13|0
wsj_1014_2_14|0
wsj_1014_2_15|0
wsj_1014_2_16|0
wsj_1014_2_17|0
wsj_1014_2_18|0
wsj_1014_2_19|0
wsj_1014_2_20|0
wsj_1014_2_21|0
wsj_1014_2_22|0
wsj_1014_2_23|0
wsj_1014_2_24|0
wsj_1014_2_25|0
wsj_1014_2_26|0
wsj_1014_2_27|0
wsj_1014_3_0|0
wsj_1014_3_1|0
wsj_1014_3_2|0
wsj_1014_3_3|0
wsj_1014_3_4|0
wsj_1014_3_5|0
wsj_1014_3_6|0
wsj_1014_3_7|0
wsj_1014_3_8|0
wsj_1014_3_9|0
wsj_1014_3_10|0
wsj_1014_3_11|0
wsj_1014_3_12|0
wsj_1014_3_13|0
wsj_1014_3_14|0
wsj_1014_3_15|0
wsj_1014_3_16|0
wsj_1014_3_17|0
wsj_1014_3_18|0
wsj_1014_3_19|0
wsj_1014_3_20|0
wsj_1014_3_21|0
wsj_1014_3_22|0
wsj_1014_3_23|0
wsj_1014_3_24|0
wsj_1014_3_25|0
wsj_1014_3_26|0
wsj_1014_3_27|0
wsj_1014_3_28|0
wsj_1014_3_29|0
wsj_1014_3_30|0
wsj_1014_4_0|0
wsj_1014_4_1|0
wsj_1014_4_2|0
wsj_1014_4_3|0
wsj_1014_4_4|0
wsj_1014_4_5|0
wsj_1014_4_6|0
wsj_1014_4_7|0
wsj_1014_4_8|0
wsj_1014_4_9|0
wsj_1014_4_10|0
wsj_1014_4_11|0
wsj_1014_4_12|0
wsj_1014_4_13|0
wsj_1014_4_14|0
wsj_1014_4_15|0
wsj_1014_4_16|0
wsj_1014_4_17|0
wsj_1014_4_18|0
wsj_1014_4_19|0
wsj_1014_4_20|0
wsj_1014_5_0|0
wsj_1014_5_1|0
wsj_1014_5_2|0
wsj_1014_5_3|0
wsj_1014_5_4|0
wsj_1014_5_5|0
wsj_1014_5_6|0
wsj_1014_5_7|0
wsj_1014_5_8|0
wsj_1014_5_9|0
wsj_1014_5_10|0
wsj_1014_5_11|0
wsj_1014_5_12|0
wsj_1014_5_13|0
wsj_1014_5_14|0
wsj_1014_5_15|0
wsj_1014_5_16|0
wsj_1014_5_17|0
wsj_1014_5_18|0
wsj_1014_5_19|0
wsj_1014_6_0|0
wsj_1014_6_1|0
wsj_1014_6_2|0
wsj_1014_6_3|0
wsj_1014_6_4|0
wsj_1014_6_5|0
wsj_1014_6_6|0
wsj_1014_6_7|0
wsj_1014_6_8|0
wsj_1014_6_9|0
wsj_1014_6_10|0
wsj_1014_6_11|0
wsj_1014_6_12|0
wsj_1014_6_13|0
wsj_1014_6_14|0
wsj_1014_6_15|0
wsj_1014_6_16|0
wsj_1014_6_17|0
wsj_1014_6_18|0
wsj_1014_6_19|0
wsj_1014_6_20|0
wsj_1014_6_21|0
wsj_1014_6_22|0
wsj_1014_6_23|0
wsj_1014_6_24|0
wsj_1014_6_25|0
wsj_1014_6_26|0
wsj_1014_6_27|0
wsj_1014_6_28|0
wsj_1014_6_29|0
wsj_1014_6_30|0
wsj_1014_6_31|0
wsj_1014_6_32|0
wsj_1014_6_33|0
wsj_1014_6_34|0
wsj_1014_6_35|0
wsj_1014_6_36|0
wsj_1014_6_37|0
wsj_1014_6_38|0
wsj_1014_6_39|0
wsj_1014_6_40|0
wsj_1014_6_41|0
wsj_1014_6_42|0
wsj_1014_6_43|0
wsj_1014_6_44|0
wsj_1014_6_45|0
wsj_1014_6_46|0
wsj_1014_6_47|0
wsj_1014_6_48|0
wsj_1014_6_49|0
wsj_1014_6_50|0
wsj_1014_6_51|0
wsj_1014_6_52|0
wsj_1014_6_53|0
wsj_1014_6_54|0
wsj_1014_6_55|0
wsj_1014_6_56|0
wsj_1014_6_57|0
wsj_1014_6_58|0
wsj_1014_6_59|0
wsj_1014_6_60|0
wsj_1014_6_61|0
wsj_1014_7_0|0
wsj_1014_7_1|0
wsj_1014_7_2|0
wsj_1014_7_3|0
wsj_1014_7_4|0
wsj_1014_7_5|0
wsj_1014_7_6|0
wsj_1014_7_7|0
wsj_1014_7_8|0
wsj_1014_7_9|0
wsj_1014_7_10|0
wsj_1014_7_11|0
wsj_1014_7_12|0
wsj_1014_7_13|0
wsj_1014_7_14|0
wsj_1014_7_15|0
wsj_1014_7_16|0
wsj_1014_7_17|0
wsj_1014_7_18|0
wsj_1014_8_0|0
wsj_1014_8_1|0
wsj_1014_8_2|0
wsj_1014_8_3|0
wsj_1014_8_4|0
wsj_1014_8_5|0
wsj_1014_8_6|0
wsj_1014_8_7|0
wsj_1014_8_8|0
wsj_1014_8_9|0
wsj_1014_8_10|0
wsj_1014_8_11|0
wsj_1014_8_12|0
wsj_1014_8_13|0
wsj_1014_8_14|0
wsj_1014_8_15|0
wsj_1014_8_16|0
wsj_1014_8_17|0
wsj_1014_8_18|0
wsj_1014_8_19|0
wsj_1014_8_20|0
wsj_1014_8_21|0
wsj_1014_8_22|0
wsj_1014_8_23|0
wsj_1014_8_24|0
wsj_1014_8_25|0
wsj_1014_8_26|0
wsj_1014_8_27|0
wsj_1014_8_28|0
wsj_1014_8_29|0
wsj_1014_8_30|0
wsj_1014_8_31|0
wsj_1014_8_32|0
wsj_1014_8_33|0
wsj_1014_8_34|0
wsj_1014_9_0|0
wsj_1014_9_1|0
wsj_1014_9_2|0
wsj_1014_9_3|0
wsj_1014_9_4|0
wsj_1014_9_5|0
wsj_1014_9_6|0
wsj_1014_9_7|0
wsj_1014_9_8|0
wsj_1014_9_9|0
wsj_1014_9_10|0
wsj_1014_9_11|0
wsj_1014_9_12|0
wsj_1014_9_13|0
wsj_0135_4_0|0
wsj_0135_4_1|0
wsj_0135_4_2|0
wsj_0135_4_3|0
wsj_0135_4_4|0
wsj_0135_4_5|0
wsj_0135_4_6|0
wsj_0135_4_7|0
wsj_0135_4_8|0
wsj_0135_4_9|0
wsj_0135_4_10|0
wsj_0135_4_11|0
wsj_0135_4_12|0
wsj_0135_1_0|0
wsj_0135_1_1|0
wsj_0135_1_2|0
wsj_0135_1_3|0
wsj_0135_1_4|0
wsj_0135_1_5|0
wsj_0135_1_6|0
wsj_0135_1_7|0
wsj_0135_1_8|0
wsj_0135_1_9|0
wsj_0135_1_10|0
wsj_0135_1_11|0
wsj_0135_1_12|0
wsj_0135_1_13|0
wsj_0135_1_14|0
wsj_0135_1_15|0
wsj_0135_1_16|0
wsj_0135_1_17|0
wsj_0135_1_18|0
wsj_0135_1_19|0
wsj_0135_1_20|0
wsj_0135_1_21|0
wsj_0135_1_22|0
wsj_0135_1_23|0
wsj_0135_1_24|0
wsj_0135_1_25|0
wsj_0135_1_26|0
wsj_0135_1_27|0
wsj_0135_1_28|0
wsj_0135_1_29|0
wsj_0135_1_30|0
wsj_0135_1_31|0
wsj_0135_1_32|0
wsj_0135_0_0|0
wsj_0135_0_1|0
wsj_0135_0_2|0
wsj_0135_0_3|0
wsj_0135_0_4|0
wsj_0135_0_5|0
wsj_0135_0_6|0
wsj_0135_0_7|0
wsj_0135_0_8|0
wsj_0135_0_9|0
wsj_0135_0_10|0
wsj_0135_0_11|0
wsj_0135_0_12|0
wsj_0135_0_13|0
wsj_0135_0_14|0
wsj_0135_0_15|0
wsj_0135_0_16|0
wsj_0135_0_17|0
wsj_0135_0_18|0
wsj_0135_0_19|0
wsj_0135_0_20|0
wsj_0135_0_21|0
wsj_0135_0_22|0
wsj_0135_0_23|0
wsj_0135_0_24|0
wsj_0135_0_25|0
wsj_0135_0_26|0
wsj_0135_0_27|0
wsj_0135_0_28|0
wsj_0135_0_29|0
wsj_0135_3_0|0
wsj_0135_3_1|0
wsj_0135_3_2|0
wsj_0135_3_3|0
wsj_0135_3_4|0
wsj_0135_3_5|0
wsj_0135_3_6|0
wsj_0135_3_7|0
wsj_0135_3_8|0
wsj_0135_3_9|0
wsj_0135_3_10|0
wsj_0135_3_11|0
wsj_0135_3_12|0
wsj_0135_3_13|0
wsj_0135_2_0|0
wsj_0135_2_1|0
wsj_0135_2_2|0
wsj_0135_2_3|0
wsj_0135_2_4|0
wsj_0135_2_5|0
wsj_0135_2_6|0
wsj_0135_2_7|0
wsj_0135_2_8|0
wsj_0135_2_9|0
wsj_0135_2_10|0
wsj_0135_2_11|0
wsj_0135_2_12|0
wsj_0135_2_13|0
wsj_0135_2_14|0
wsj_0533_5_0|0
wsj_0533_5_1|0
wsj_0533_5_2|4
wsj_0533_5_3|0
wsj_0533_5_4|0
wsj_0533_5_5|0
wsj_0533_5_6|0
wsj_0533_5_7|0
wsj_0533_5_8|0
wsj_0533_5_9|0
wsj_0533_5_10|0
wsj_0533_5_11|0
wsj_0533_5_12|0
wsj_0533_5_13|0
wsj_0533_5_14|0
wsj_0533_5_15|0
wsj_0533_5_16|2
wsj_0533_5_17|0
wsj_0533_5_18|0
wsj_0533_5_19|0
wsj_0533_5_20|0
wsj_0533_5_21|0
wsj_0533_5_22|0
wsj_0533_5_23|0
wsj_0533_5_24|0
wsj_0533_5_25|0
wsj_0533_5_26|0
wsj_0533_5_27|0
wsj_0533_5_28|0
VOA19980303.1600.2745_20_0|0
VOA19980303.1600.2745_20_1|0
VOA19980303.1600.2745_20_2|0
VOA19980303.1600.2745_20_3|0
VOA19980303.1600.2745_20_4|0
VOA19980303.1600.2745_20_5|0
VOA19980303.1600.2745_20_6|0
VOA19980303.1600.2745_20_7|0
wsj_1014_27_0|0
wsj_1014_27_1|0
wsj_1014_27_2|0
wsj_1014_27_3|0
wsj_1014_27_4|0
wsj_1014_27_5|0
wsj_1014_27_6|0
wsj_1014_27_7|0
wsj_1014_27_8|0
wsj_1014_27_9|0
wsj_1014_27_10|0
wsj_1014_27_11|0
wsj_1014_27_12|0
wsj_1014_27_13|0
wsj_1014_27_14|0
ea980120.1830.0071_7_0|0
ea980120.1830.0071_7_1|0
ea980120.1830.0071_7_2|0
ea980120.1830.0071_7_3|0
ea980120.1830.0071_7_4|0
ea980120.1830.0071_7_5|0
ea980120.1830.0071_7_6|0
ea980120.1830.0071_7_7|0
ea980120.1830.0071_7_8|0
ea980120.1830.0071_7_9|0
ea980120.1830.0071_7_10|0
ea980120.1830.0071_7_11|0
ea980120.1830.0071_7_12|0
ea980120.1830.0071_7_13|1
ea980120.1830.0071_7_14|0
ea980120.1830.0071_7_15|0
ea980120.1830.0071_7_16|0
ea980120.1830.0071_7_17|0
ea980120.1830.0071_7_18|0
ea980120.1830.0071_7_19|0
ea980120.1830.0071_6_0|0
ea980120.1830.0071_6_1|0
ea980120.1830.0071_6_2|0
ea980120.1830.0071_6_3|0
ea980120.1830.0071_6_4|0
ea980120.1830.0071_6_5|4
ea980120.1830.0071_6_6|2
ea980120.1830.0071_6_7|0
ea980120.1830.0071_6_8|0
ea980120.1830.0071_6_9|0
ea980120.1830.0071_6_10|0
ea980120.1830.0071_6_11|0
ea980120.1830.0071_1_0|0
ea980120.1830.0071_1_1|1
ea980120.1830.0071_1_2|0
ea980120.1830.0071_1_3|0
ea980120.1830.0071_1_4|0
ea980120.1830.0071_1_5|1
ea980120.1830.0071_1_6|1
ea980120.1830.0071_1_7|0
ea980120.1830.0071_1_8|0
ea980120.1830.0071_1_9|0
ea980120.1830.0071_1_10|0
ea980120.1830.0071_1_11|0
ea980120.1830.0071_1_12|0
ea980120.1830.0071_1_13|0
ea980120.1830.0071_1_14|0
ea980120.1830.0071_1_15|2
ea980120.1830.0071_1_16|4
ea980120.1830.0071_1_17|0
ea980120.1830.0071_1_18|0
ea980120.1830.0071_1_19|0
ea980120.1830.0071_0_0|0
ea980120.1830.0071_0_1|0
ea980120.1830.0071_0_2|0
ea980120.1830.0071_0_3|0
ea980120.1830.0071_0_4|0
ea980120.1830.0071_0_5|0
ea980120.1830.0071_0_6|0
ea980120.1830.0071_0_7|1
ea980120.1830.0071_0_8|0
ea980120.1830.0071_0_9|0
ea980120.1830.0071_3_0|0
ea980120.1830.0071_3_1|0
ea980120.1830.0071_3_2|2
ea980120.1830.0071_3_3|0
ea980120.1830.0071_3_4|0
ea980120.1830.0071_3_5|1
ea980120.1830.0071_3_6|0
ea980120.1830.0071_3_7|0
ea980120.1830.0071_3_8|0
ea980120.1830.0071_3_9|0
ea980120.1830.0071_2_0|0
ea980120.1830.0071_2_1|2
ea980120.1830.0071_2_2|0
ea980120.1830.0071_2_3|0
ea980120.1830.0071_2_4|0
ea980120.1830.0071_2_5|2
ea980120.1830.0071_2_6|0
ea980120.1830.0071_2_7|0
ea980120.1830.0071_2_8|0
ea980120.1830.0071_2_9|0
ea980120.1830.0071_2_10|0
ea980120.1830.0071_2_11|0
ea980120.1830.0071_2_12|0
ea980120.1830.0071_2_13|0
ea980120.1830.0071_2_14|0
ea980120.1830.0071_2_15|0
ea980120.1830.0071_2_16|0
ea980120.1830.0071_2_17|0
ea980120.1830.0071_2_18|0
wsj_1014_23_0|0
wsj_1014_23_1|0
wsj_1014_23_2|0
wsj_1014_23_3|0
wsj_1014_23_4|0
wsj_1014_23_5|0
wsj_1014_23_6|0
wsj_1014_23_7|0
wsj_1014_23_8|0
wsj_1014_23_9|0
wsj_1014_23_10|0
wsj_1014_23_11|0
wsj_1014_23_12|0
wsj_1014_23_13|0
wsj_1014_23_14|0
wsj_1014_23_15|0
wsj_1014_23_16|0
wsj_1014_23_17|0
wsj_1014_23_18|0
wsj_1014_23_19|0
wsj_1014_23_20|0
wsj_1014_23_21|0
wsj_1014_23_22|0
wsj_1014_23_23|0
wsj_1014_23_24|0
wsj_1014_23_25|0
wsj_1014_23_26|0
wsj_1014_23_27|0
wsj_1014_23_28|0
wsj_1014_23_29|0
wsj_1014_23_30|0
wsj_1014_22_0|0
wsj_1014_22_1|0
wsj_1014_22_2|0
wsj_1014_22_3|0
wsj_1014_22_4|0
wsj_1014_22_5|0
wsj_1014_22_6|0
wsj_1014_22_7|0
wsj_1014_22_8|0
wsj_1014_22_9|0
wsj_1014_22_10|0
wsj_1014_22_11|0
wsj_1014_22_12|0
wsj_1014_22_13|0
wsj_1014_22_14|0
wsj_1014_22_15|0
wsj_1014_22_16|0
wsj_1014_22_17|0
wsj_1014_22_18|0
wsj_1014_22_19|0
wsj_1014_22_20|0
wsj_1014_22_21|0
wsj_1014_22_22|0
wsj_1014_22_23|0
wsj_1014_22_24|0
wsj_1014_22_25|0
wsj_1014_22_26|0
wsj_1014_22_27|0
wsj_1014_22_28|0
wsj_1014_22_29|0
wsj_1014_22_30|0
wsj_1014_22_31|0
wsj_1014_22_32|0
wsj_1014_21_0|0
wsj_1014_21_1|0
wsj_1014_21_2|0
wsj_1014_21_3|0
wsj_1014_21_4|0
wsj_1014_21_5|0
wsj_1014_21_6|0
wsj_1014_21_7|0
wsj_1014_21_8|0
wsj_1014_21_9|0
wsj_1014_21_10|0
wsj_1014_21_11|0
wsj_1014_21_12|0
wsj_1014_21_13|0
wsj_1014_21_14|0
wsj_1014_21_15|0
wsj_1014_21_16|0
wsj_1014_21_17|0
wsj_1014_21_18|0
wsj_1014_21_19|0
wsj_1014_21_20|0
wsj_1014_21_21|0
wsj_1014_21_22|0
wsj_1014_21_23|0
wsj_1014_21_24|0
wsj_1014_21_25|0
wsj_1014_21_26|0
wsj_1014_21_27|0
wsj_1014_21_28|0
wsj_1014_21_29|0
wsj_1014_21_30|0
wsj_1014_21_31|0
wsj_1014_21_32|0
wsj_1014_21_33|0
wsj_1014_21_34|0
wsj_1014_21_35|0
wsj_1014_21_36|0
wsj_1014_21_37|0
wsj_1014_21_38|0
wsj_1014_21_39|0
wsj_1014_21_40|0
wsj_1014_21_41|0
wsj_1014_21_42|0
wsj_1014_21_43|0
wsj_1014_21_44|0
wsj_1014_21_45|0
wsj_1014_21_46|0
wsj_1014_20_0|0
wsj_1014_20_1|0
wsj_1014_20_2|0
wsj_1014_20_3|0
wsj_1014_20_4|0
wsj_1014_20_5|0
wsj_1014_20_6|0
wsj_1014_20_7|0
wsj_1014_20_8|0
wsj_1014_20_9|0
wsj_1014_20_10|0
wsj_1014_20_11|0
wsj_1014_20_12|0
wsj_1014_20_13|0
wsj_1014_20_14|0
wsj_1014_20_15|0
wsj_1014_20_16|0
wsj_1014_20_17|0
wsj_1014_20_18|0
wsj_1014_20_19|0
wsj_1014_20_20|0
wsj_1014_20_21|0
wsj_1014_20_22|0
wsj_1014_20_23|0
wsj_1014_20_24|0
wsj_1014_20_25|0
wsj_1014_20_26|0
wsj_1014_20_27|0
wsj_1014_20_28|0
wsj_1014_20_29|0
wsj_1014_20_30|0
wsj_1014_20_31|0
wsj_1014_20_32|0
wsj_1014_20_33|0
NYT19980424.0421_8_0|0
NYT19980424.0421_8_1|0
NYT19980424.0421_8_2|0
NYT19980424.0421_8_3|0
NYT19980424.0421_8_4|0
NYT19980424.0421_8_5|0
NYT19980424.0421_8_6|0
NYT19980424.0421_8_7|0
NYT19980424.0421_8_8|0
NYT19980424.0421_8_9|0
NYT19980424.0421_8_10|0
NYT19980424.0421_8_11|0
NYT19980424.0421_8_12|0
NYT19980424.0421_8_13|0
NYT19980424.0421_8_14|0
NYT19980424.0421_8_15|0
NYT19980424.0421_8_16|0
wsj_1014_26_0|0
wsj_1014_26_1|0
wsj_1014_26_2|0
wsj_1014_26_3|0
wsj_1014_26_4|0
wsj_1014_26_5|0
wsj_1014_26_6|0
wsj_1014_26_7|0
wsj_1014_26_8|0
wsj_1014_26_9|0
wsj_1014_26_10|0
wsj_1014_26_11|0
wsj_1014_26_12|0
wsj_1014_26_13|0
wsj_1014_26_14|0
wsj_1014_26_15|0
wsj_1014_26_16|0
wsj_1014_26_17|0
wsj_1014_25_0|0
wsj_1014_25_1|0
wsj_1014_25_2|0
wsj_1014_25_3|0
wsj_1014_25_4|0
wsj_1014_25_5|0
wsj_1014_25_6|0
wsj_1014_25_7|0
wsj_1014_25_8|0
wsj_1014_25_9|0
wsj_1014_25_10|0
wsj_1014_25_11|0
wsj_1014_25_12|0
wsj_1014_25_13|0
wsj_1014_25_14|0
wsj_1014_25_15|0
wsj_1014_25_16|0
wsj_1014_25_17|0
wsj_1014_25_18|0
wsj_1014_25_19|0
wsj_1014_25_20|0
wsj_1014_25_21|0
wsj_1014_25_22|0
wsj_1014_25_23|0
wsj_1014_25_24|0
wsj_1014_25_25|0
wsj_1014_25_26|0
wsj_1014_25_27|0
wsj_1014_25_28|0
wsj_1014_25_29|0
wsj_1014_25_30|0
wsj_1014_25_31|0
wsj_1014_25_32|0
wsj_1014_24_0|0
wsj_1014_24_1|0
wsj_1014_24_2|0
wsj_1014_24_3|0
wsj_1014_24_4|0
wsj_1014_24_5|0
wsj_1014_24_6|0
wsj_1014_24_7|0
wsj_1014_24_8|0
wsj_1014_24_9|0
wsj_1014_24_10|0
wsj_1014_24_11|0
wsj_1014_24_12|0
wsj_1014_24_13|0
wsj_1014_24_14|0
wsj_1014_24_15|0
wsj_1014_24_16|0
wsj_1014_24_17|0
wsj_1014_24_18|0
wsj_1014_24_19|0
wsj_1014_24_20|0
wsj_1014_24_21|0
wsj_1014_24_22|0
wsj_1014_24_23|0
wsj_1014_24_24|0
wsj_1014_24_25|0
wsj_1014_24_26|0
wsj_1014_24_27|0
wsj_1014_24_28|0
wsj_1014_24_29|0
wsj_1014_24_30|0
APW19980227.0476_2_0|0
APW19980227.0476_2_1|0
APW19980227.0476_2_2|0
APW19980227.0476_2_3|0
APW19980227.0476_2_4|0
APW19980227.0476_2_5|0
APW19980227.0476_2_6|0
APW19980227.0476_2_7|0
APW19980227.0476_2_8|0
APW19980227.0476_2_9|0
APW19980227.0476_2_10|0
APW19980227.0476_2_11|0
APW19980227.0476_2_12|0
APW19980227.0476_2_13|0
APW19980227.0476_2_14|0
APW19980227.0476_2_15|0
APW19980227.0476_2_16|0
APW19980227.0476_2_17|0
APW19980227.0476_2_18|0
APW19980227.0476_2_19|0
APW19980227.0476_2_20|0
APW19980227.0476_2_21|0
APW19980227.0476_2_22|0
APW19980227.0476_2_23|0
APW19980227.0476_2_24|0
APW19980227.0476_2_25|0
APW19980227.0476_2_26|0
APW19980227.0476_2_27|0
APW19980227.0476_2_28|0
APW19980227.0476_2_29|0
APW19980227.0476_2_30|0
APW19980227.0476_2_31|0
APW19980227.0476_2_32|0
APW19980227.0476_2_33|0
APW19980227.0476_2_34|0
APW19980227.0476_2_35|0
APW19980227.0476_2_36|0
APW19980227.0476_2_37|0
APW19980227.0476_2_38|0
APW19980227.0476_2_39|0
APW19980227.0476_2_40|0
APW19980227.0476_2_41|0
wsj_0918_19_0|0
wsj_0918_19_1|0
wsj_0918_19_2|0
wsj_0918_19_3|0
wsj_0918_19_4|0
wsj_0918_19_5|0
wsj_0918_19_6|0
wsj_0918_19_7|0
wsj_0918_19_8|0
wsj_0918_19_9|0
wsj_0918_19_10|0
wsj_0918_19_11|0
wsj_0918_19_12|0
wsj_0918_19_13|0
wsj_0918_19_14|0
wsj_0918_19_15|0
wsj_0918_19_16|0
wsj_0918_19_17|0
wsj_0918_19_18|0
NYT19980424.0421_2_0|0
NYT19980424.0421_2_1|0
NYT19980424.0421_2_2|0
NYT19980424.0421_2_3|0
NYT19980424.0421_2_4|0
NYT19980424.0421_2_5|0
NYT19980424.0421_2_6|0
NYT19980424.0421_2_7|0
NYT19980424.0421_2_8|0
NYT19980424.0421_2_9|0
NYT19980424.0421_2_10|0
NYT19980424.0421_2_11|0
NYT19980424.0421_2_12|0
NYT19980424.0421_2_13|0
NYT19980424.0421_2_14|0
NYT19980424.0421_2_15|0
NYT19980424.0421_2_16|0
NYT19980424.0421_2_17|0
NYT19980424.0421_2_18|0
NYT19980424.0421_2_19|0
NYT19980424.0421_3_0|0
NYT19980424.0421_3_1|0
NYT19980424.0421_3_2|0
NYT19980424.0421_3_3|0
NYT19980424.0421_3_4|0
NYT19980424.0421_3_5|0
NYT19980424.0421_3_6|0
NYT19980424.0421_3_7|0
NYT19980424.0421_3_8|0
NYT19980424.0421_3_9|0
NYT19980424.0421_3_10|0
NYT19980424.0421_3_11|0
NYT19980424.0421_3_12|0
NYT19980424.0421_3_13|0
NYT19980424.0421_3_14|0
NYT19980424.0421_3_15|0
NYT19980424.0421_3_16|0
NYT19980424.0421_3_17|0
NYT19980424.0421_3_18|0
NYT19980424.0421_3_19|0
NYT19980424.0421_3_20|0
NYT19980424.0421_3_21|0
NYT19980424.0421_3_22|0
NYT19980424.0421_3_23|0
NYT19980424.0421_3_24|0
NYT19980424.0421_3_25|0
NYT19980424.0421_3_26|0
NYT19980424.0421_3_27|0
NYT19980424.0421_3_28|0
NYT19980424.0421_3_29|0
NYT19980424.0421_3_30|0
NYT19980424.0421_3_31|0
NYT19980424.0421_3_32|0
NYT19980424.0421_3_33|0
wsj_0184_11_0|0
wsj_0184_11_1|0
wsj_0184_11_2|1
wsj_0184_11_3|4
wsj_0184_11_4|0
wsj_0184_11_5|2
wsj_0184_11_6|0
wsj_0184_11_7|4
wsj_0184_11_8|0
wsj_0184_11_9|0
wsj_0184_11_10|0
wsj_0184_11_11|3
wsj_0184_11_12|0
wsj_0184_11_13|0
wsj_0184_11_14|0
wsj_0184_11_15|1
wsj_0184_11_16|2
wsj_0184_11_17|4
wsj_0184_11_18|0
wsj_0184_11_19|0
wsj_0184_11_20|0
wsj_0184_11_21|0
wsj_0184_11_22|0
wsj_0184_11_23|0
wsj_0184_11_24|0
wsj_0184_11_25|0
wsj_0184_11_26|0
wsj_0184_11_27|0
wsj_0184_11_28|0
wsj_0184_11_29|0
wsj_0184_11_30|0
wsj_0184_11_31|1
wsj_0184_11_32|1
wsj_0184_11_33|0
wsj_0184_11_34|0
wsj_0184_11_35|0
wsj_0184_11_36|0
wsj_0184_11_37|0
wsj_0184_11_38|0
wsj_0184_10_0|0
wsj_0184_10_1|0
wsj_0184_10_2|0
wsj_0184_10_3|0
wsj_0184_10_4|0
wsj_0184_10_5|0
wsj_0184_10_6|0
wsj_0184_10_7|0
wsj_0184_10_8|0
wsj_0184_10_9|0
wsj_0184_10_10|0
wsj_0184_10_11|0
wsj_0184_10_12|0
wsj_0184_10_13|4
wsj_0184_10_14|0
wsj_0184_10_15|0
wsj_0184_10_16|0
wsj_0184_10_17|0
wsj_0184_10_18|1
wsj_0184_10_19|0
wsj_0184_13_0|0
wsj_0184_13_1|0
wsj_0184_13_2|0
wsj_0184_13_3|0
wsj_0184_13_4|0
wsj_0184_13_5|0
wsj_0184_13_6|0
wsj_0184_13_7|0
wsj_0184_13_8|0
wsj_0184_13_9|0
wsj_0184_13_10|0
wsj_0184_13_11|0
wsj_0184_13_12|0
wsj_0184_13_13|0
wsj_0184_13_14|0
wsj_0184_13_15|0
wsj_0184_13_16|0
